lat,lon,anomaly
-88.58638743455498,1.875,2.1177158
-88.58638743455498,6.875,2.1054907
-88.58638743455498,11.875,2.0930128
-88.58638743455498,16.875,2.0794306
-88.58638743455498,21.875,2.0658684
-88.58638743455498,26.875,2.0540876
-88.58638743455498,31.875,2.0436144
-88.58638743455498,36.875,2.0344925
-88.58638743455498,41.875,2.0274944
-88.58638743455498,46.875,2.0213013
-88.58638743455498,51.875,2.0160055
-88.58638743455498,56.875,2.0126228
-88.58638743455498,61.875,2.0114365
-88.58638743455498,66.875,2.0128431
-88.58638743455498,71.875,2.0162868
-88.58638743455498,76.875,2.0209856
-88.58638743455498,81.875,2.0264568
-88.58638743455498,86.875,2.0337954
-88.58638743455498,91.875,2.041462
-88.58638743455498,96.875,2.0501585
-88.58638743455498,101.875,2.058508
-88.58638743455498,106.875,2.067091
-88.58638743455498,111.875,2.0758667
-88.58638743455498,116.875,2.0853834
-88.58638743455498,121.875,2.0922537
-88.58638743455498,126.875,2.0961666
-88.58638743455498,131.875,2.0958576
-88.58638743455498,136.875,2.0929327
-88.58638743455498,141.875,2.0856857
-88.58638743455498,146.875,2.0753956
-88.58638743455498,151.875,2.0647554
-88.58638743455498,156.875,2.0561152
-88.58638743455498,161.875,2.0455961
-88.58638743455498,166.875,2.035308
-88.58638743455498,171.875,2.0277805
-88.58638743455498,176.875,2.022441
-88.58638743455498,181.875,2.0190067
-88.58638743455498,186.875,2.0179482
-88.58638743455498,191.875,2.0229044
-88.58638743455498,196.875,2.0313358
-88.58638743455498,201.875,2.0405855
-88.58638743455498,206.875,2.050746
-88.58638743455498,211.875,2.060604
-88.58638743455498,216.875,2.06913
-88.58638743455498,221.875,2.077981
-88.58638743455498,226.875,2.0890064
-88.58638743455498,231.875,2.1028566
-88.58638743455498,236.875,2.1173992
-88.58638743455498,241.875,2.132742
-88.58638743455498,246.875,2.14845
-88.58638743455498,251.875,2.1629057
-88.58638743455498,256.875,2.175106
-88.58638743455498,261.875,2.1838818
-88.58638743455498,266.875,2.1915417
-88.58638743455498,271.875,2.1985846
-88.58638743455498,276.875,2.1995401
-88.58638743455498,281.875,2.1986542
-88.58638743455498,286.875,2.2011013
-88.58638743455498,291.875,2.2102938
-88.58638743455498,296.875,2.219184
-88.58638743455498,301.875,2.2186508
-88.58638743455498,306.875,2.2172031
-88.58638743455498,311.875,2.2145357
-88.58638743455498,316.875,2.2101326
-88.58638743455498,321.875,2.2038136
-88.58638743455498,326.875,2.1958256
-88.58638743455498,331.875,2.185752
-88.58638743455498,336.875,2.1746063
-88.58638743455498,341.875,2.16368
-88.58638743455498,346.875,2.1531725
-88.58638743455498,351.875,2.142375
-88.58638743455498,356.875,2.130065
-84.81675392670157,1.875,2.2236786
-84.81675392670157,6.875,2.1844015
-84.81675392670157,11.875,2.134673
-84.81675392670157,16.875,2.0801554
-84.81675392670157,21.875,2.023303
-84.81675392670157,26.875,1.9722805
-84.81675392670157,31.875,1.92906
-84.81675392670157,36.875,1.8947926
-84.81675392670157,41.875,1.8716555
-84.81675392670157,46.875,1.8499031
-84.81675392670157,51.875,1.8286638
-84.81675392670157,56.875,1.8054552
-84.81675392670157,61.875,1.7787294
-84.81675392670157,66.875,1.7558374
-84.81675392670157,71.875,1.7424002
-84.81675392670157,76.875,1.7386656
-84.81675392670157,81.875,1.7463293
-84.81675392670157,86.875,1.763463
-84.81675392670157,91.875,1.7855692
-84.81675392670157,96.875,1.8144989
-84.81675392670157,101.875,1.8503675
-84.81675392670157,106.875,1.8881378
-84.81675392670157,111.875,1.9325924
-84.81675392670157,116.875,1.9795599
-84.81675392670157,121.875,2.0169353
-84.81675392670157,126.875,2.0294943
-84.81675392670157,131.875,2.0145617
-84.81675392670157,136.875,1.984788
-84.81675392670157,141.875,1.9275675
-84.81675392670157,146.875,1.8598013
-84.81675392670157,151.875,1.7901211
-84.81675392670157,156.875,1.738471
-84.81675392670157,161.875,1.7273169
-84.81675392670157,166.875,1.7301893
-84.81675392670157,171.875,1.7526855
-84.81675392670157,176.875,1.7888784
-84.81675392670157,181.875,1.8220215
-84.81675392670157,186.875,1.9002886
-84.81675392670157,191.875,1.9699354
-84.81675392670157,196.875,2.0238895
-84.81675392670157,201.875,2.063528
-84.81675392670157,206.875,2.0504684
-84.81675392670157,211.875,2.0063734
-84.81675392670157,216.875,1.9606371
-84.81675392670157,221.875,1.9225302
-84.81675392670157,226.875,1.8942862
-84.81675392670157,231.875,1.8667727
-84.81675392670157,236.875,1.8466101
-84.81675392670157,241.875,1.8466272
-84.81675392670157,246.875,1.8735514
-84.81675392670157,251.875,1.9248428
-84.81675392670157,256.875,1.999876
-84.81675392670157,261.875,2.0960684
-84.81675392670157,266.875,2.1861
-84.81675392670157,271.875,2.2704248
-84.81675392670157,276.875,2.3217955
-84.81675392670157,281.875,2.3591127
-84.81675392670157,286.875,2.3791761
-84.81675392670157,291.875,2.4028149
-84.81675392670157,296.875,2.4034023
-84.81675392670157,301.875,2.3730717
-84.81675392670157,306.875,2.3613653
-84.81675392670157,311.875,2.3429546
-84.81675392670157,316.875,2.31715
-84.81675392670157,321.875,2.2984324
-84.81675392670157,326.875,2.3011646
-84.81675392670157,331.875,2.29737
-84.81675392670157,336.875,2.2905397
-84.81675392670157,341.875,2.286296
-84.81675392670157,346.875,2.274374
-84.81675392670157,351.875,2.2593193
-84.81675392670157,356.875,2.2492437
-81.04712041884817,1.875,2.2256098
-81.04712041884817,6.875,2.1922817
-81.04712041884817,11.875,2.1508684
-81.04712041884817,16.875,2.1133547
-81.04712041884817,21.875,2.0816803
-81.04712041884817,26.875,2.021718
-81.04712041884817,31.875,1.9551382
-81.04712041884817,36.875,1.8998947
-81.04712041884817,41.875,1.8401957
-81.04712041884817,46.875,1.7876348
-81.04712041884817,51.875,1.7333097
-81.04712041884817,56.875,1.6708698
-81.04712041884817,61.875,1.6027193
-81.04712041884817,66.875,1.5546284
-81.04712041884817,71.875,1.5253801
-81.04712041884817,76.875,1.51511
-81.04712041884817,81.875,1.537343
-81.04712041884817,86.875,1.5796814
-81.04712041884817,91.875,1.6248388
-81.04712041884817,96.875,1.668664
-81.04712041884817,101.875,1.7161808
-81.04712041884817,106.875,1.7707033
-81.04712041884817,111.875,1.8270206
-81.04712041884817,116.875,1.8747292
-81.04712041884817,121.875,1.9171324
-81.04712041884817,126.875,1.9396935
-81.04712041884817,131.875,1.934803
-81.04712041884817,136.875,1.9337521
-81.04712041884817,141.875,1.9401398
-81.04712041884817,146.875,1.9169979
-81.04712041884817,151.875,1.8575659
-81.04712041884817,156.875,1.8574038
-81.04712041884817,161.875,1.940342
-81.04712041884817,166.875,2.1485891
-81.04712041884817,171.875,2.3128147
-81.04712041884817,176.875,2.3393402
-81.04712041884817,181.875,2.339077
-81.04712041884817,186.875,2.3420792
-81.04712041884817,191.875,2.3286142
-81.04712041884817,196.875,2.2781496
-81.04712041884817,201.875,2.207303
-81.04712041884817,206.875,2.0353584
-81.04712041884817,211.875,1.8618498
-81.04712041884817,216.875,1.7551317
-81.04712041884817,221.875,1.6755924
-81.04712041884817,226.875,1.5971079
-81.04712041884817,231.875,1.5628223
-81.04712041884817,236.875,1.5557299
-81.04712041884817,241.875,1.6078739
-81.04712041884817,246.875,1.6171532
-81.04712041884817,251.875,1.5978575
-81.04712041884817,256.875,1.5989017
-81.04712041884817,261.875,1.6183119
-81.04712041884817,266.875,1.68184
-81.04712041884817,271.875,1.8477173
-81.04712041884817,276.875,2.0551958
-81.04712041884817,281.875,2.2299738
-81.04712041884817,286.875,2.4160738
-81.04712041884817,291.875,2.5914707
-81.04712041884817,296.875,2.698039
-81.04712041884817,301.875,2.6959143
-81.04712041884817,306.875,2.6302185
-81.04712041884817,311.875,2.529585
-81.04712041884817,316.875,2.495182
-81.04712041884817,321.875,2.469822
-81.04712041884817,326.875,2.4365234
-81.04712041884817,331.875,2.3889532
-81.04712041884817,336.875,2.3323174
-81.04712041884817,341.875,2.2857246
-81.04712041884817,346.875,2.2767878
-81.04712041884817,351.875,2.2766018
-81.04712041884817,356.875,2.2634726
-77.27748691099475,1.875,2.1639671
-77.27748691099475,6.875,2.1475315
-77.27748691099475,11.875,2.1321259
-77.27748691099475,16.875,2.0855913
-77.27748691099475,21.875,2.0022736
-77.27748691099475,26.875,1.9116869
-77.27748691099475,31.875,1.825614
-77.27748691099475,36.875,1.786624
-77.27748691099475,41.875,1.8092766
-77.27748691099475,46.875,1.8260441
-77.27748691099475,51.875,1.7674704
-77.27748691099475,56.875,1.661109
-77.27748691099475,61.875,1.5741177
-77.27748691099475,66.875,1.5399532
-77.27748691099475,71.875,1.5254774
-77.27748691099475,76.875,1.51898
-77.27748691099475,81.875,1.5210209
-77.27748691099475,86.875,1.5238476
-77.27748691099475,91.875,1.5202389
-77.27748691099475,96.875,1.5291548
-77.27748691099475,101.875,1.5930433
-77.27748691099475,106.875,1.6816616
-77.27748691099475,111.875,1.7791567
-77.27748691099475,116.875,1.8797493
-77.27748691099475,121.875,1.9360342
-77.27748691099475,126.875,1.941164
-77.27748691099475,131.875,1.9431067
-77.27748691099475,136.875,1.9537649
-77.27748691099475,141.875,1.9584494
-77.27748691099475,146.875,1.9783087
-77.27748691099475,151.875,1.9187698
-77.27748691099475,156.875,1.822382
-77.27748691099475,161.875,1.8594313
-77.27748691099475,166.875,1.9275074
-77.27748691099475,171.875,1.9742308
-77.27748691099475,176.875,1.8354502
-77.27748691099475,181.875,1.4856615
-77.27748691099475,186.875,1.5962582
-77.27748691099475,191.875,1.8123932
-77.27748691099475,196.875,1.9131737
-77.27748691099475,201.875,1.8277588
-77.27748691099475,206.875,1.8003769
-77.27748691099475,211.875,1.6852236
-77.27748691099475,216.875,1.5331783
-77.27748691099475,221.875,1.4523535
-77.27748691099475,226.875,1.4096708
-77.27748691099475,231.875,1.388958
-77.27748691099475,236.875,1.4300785
-77.27748691099475,241.875,1.5823612
-77.27748691099475,246.875,1.7512741
-77.27748691099475,251.875,1.7733183
-77.27748691099475,256.875,1.7469435
-77.27748691099475,261.875,1.7385874
-77.27748691099475,266.875,1.7462683
-77.27748691099475,271.875,1.8011045
-77.27748691099475,276.875,1.947113
-77.27748691099475,281.875,2.1863146
-77.27748691099475,286.875,2.4127827
-77.27748691099475,291.875,2.4977264
-77.27748691099475,296.875,2.648921
-77.27748691099475,301.875,2.7452402
-77.27748691099475,306.875,2.486166
-77.27748691099475,311.875,2.2551718
-77.27748691099475,316.875,2.2046585
-77.27748691099475,321.875,2.12395
-77.27748691099475,326.875,2.0634613
-77.27748691099475,331.875,2.1636333
-77.27748691099475,336.875,2.1753874
-77.27748691099475,341.875,2.1000452
-77.27748691099475,346.875,2.0433264
-77.27748691099475,351.875,2.0609875
-77.27748691099475,356.875,2.1362906
-73.50785340314135,1.875,2.064293
-73.50785340314135,6.875,2.0498314
-73.50785340314135,11.875,2.0263596
-73.50785340314135,16.875,1.9715052
-73.50785340314135,21.875,1.8903837
-73.50785340314135,26.875,1.8138742
-73.50785340314135,31.875,1.7176237
-73.50785340314135,36.875,1.6823244
-73.50785340314135,41.875,1.6644888
-73.50785340314135,46.875,1.6571198
-73.50785340314135,51.875,1.6784763
-73.50785340314135,56.875,1.6335697
-73.50785340314135,61.875,1.5900736
-73.50785340314135,66.875,1.5678644
-73.50785340314135,71.875,1.3832436
-73.50785340314135,76.875,1.3812227
-73.50785340314135,81.875,1.4592915
-73.50785340314135,86.875,1.4713163
-73.50785340314135,91.875,1.459794
-73.50785340314135,96.875,1.4921961
-73.50785340314135,101.875,1.592761
-73.50785340314135,106.875,1.7275906
-73.50785340314135,111.875,1.7689896
-73.50785340314135,116.875,1.7315025
-73.50785340314135,121.875,1.6830416
-73.50785340314135,126.875,1.6783171
-73.50785340314135,131.875,1.7536554
-73.50785340314135,136.875,1.8414068
-73.50785340314135,141.875,1.9104795
-73.50785340314135,146.875,1.8854742
-73.50785340314135,151.875,1.8093901
-73.50785340314135,156.875,1.7061872
-73.50785340314135,161.875,1.6940498
-73.50785340314135,166.875,1.7240963
-73.50785340314135,171.875,1.5186062
-73.50785340314135,176.875,1.426712
-73.50785340314135,181.875,1.4563618
-73.50785340314135,186.875,1.4989243
-73.50785340314135,191.875,1.5548134
-73.50785340314135,196.875,1.6278114
-73.50785340314135,201.875,1.6759586
-73.50785340314135,206.875,1.7104225
-73.50785340314135,211.875,1.7873135
-73.50785340314135,216.875,1.8058853
-73.50785340314135,221.875,1.7811985
-73.50785340314135,226.875,1.7460022
-73.50785340314135,231.875,1.748579
-73.50785340314135,236.875,1.8058643
-73.50785340314135,241.875,1.8286524
-73.50785340314135,246.875,1.9004297
-73.50785340314135,251.875,1.874485
-73.50785340314135,256.875,2.03576
-73.50785340314135,261.875,2.151678
-73.50785340314135,266.875,2.1086102
-73.50785340314135,271.875,2.1067972
-73.50785340314135,276.875,2.184206
-73.50785340314135,281.875,2.4503632
-73.50785340314135,286.875,2.3954105
-73.50785340314135,291.875,2.23989
-73.50785340314135,296.875,2.190112
-73.50785340314135,301.875,1.6719189
-73.50785340314135,306.875,1.6030788
-73.50785340314135,311.875,1.8059874
-73.50785340314135,316.875,1.9499407
-73.50785340314135,321.875,2.036994
-73.50785340314135,326.875,2.1218872
-73.50785340314135,331.875,2.258192
-73.50785340314135,336.875,2.4852505
-73.50785340314135,341.875,2.3735352
-73.50785340314135,346.875,2.1124992
-73.50785340314135,351.875,2.009739
-73.50785340314135,356.875,2.0555334
-69.73821989528795,1.875,2.7231102
-69.73821989528795,6.875,2.563118
-69.73821989528795,11.875,2.4774275
-69.73821989528795,16.875,2.6167698
-69.73821989528795,21.875,2.6604662
-69.73821989528795,26.875,2.5901423
-69.73821989528795,31.875,2.426817
-69.73821989528795,36.875,2.4644604
-69.73821989528795,41.875,1.8946085
-69.73821989528795,46.875,1.593051
-69.73821989528795,51.875,1.4966478
-69.73821989528795,56.875,1.4429884
-69.73821989528795,61.875,1.3597946
-69.73821989528795,66.875,1.3785839
-69.73821989528795,71.875,1.3858128
-69.73821989528795,76.875,1.3980608
-69.73821989528795,81.875,1.4367094
-69.73821989528795,86.875,1.4965858
-69.73821989528795,91.875,1.497715
-69.73821989528795,96.875,1.5422039
-69.73821989528795,101.875,1.5969982
-69.73821989528795,106.875,1.6135702
-69.73821989528795,111.875,1.5922403
-69.73821989528795,116.875,1.5430889
-69.73821989528795,121.875,1.505866
-69.73821989528795,126.875,1.523529
-69.73821989528795,131.875,1.5921907
-69.73821989528795,136.875,1.6673326
-69.73821989528795,141.875,1.7265959
-69.73821989528795,146.875,1.6670799
-69.73821989528795,151.875,1.4816122
-69.73821989528795,156.875,1.493185
-69.73821989528795,161.875,1.6260872
-69.73821989528795,166.875,1.5719671
-69.73821989528795,171.875,1.4269209
-69.73821989528795,176.875,1.4437466
-69.73821989528795,181.875,1.4257393
-69.73821989528795,186.875,1.4077148
-69.73821989528795,191.875,1.3750706
-69.73821989528795,196.875,1.3654194
-69.73821989528795,201.875,1.3677502
-69.73821989528795,206.875,1.380455
-69.73821989528795,211.875,1.4586906
-69.73821989528795,216.875,1.6121712
-69.73821989528795,221.875,1.7623138
-69.73821989528795,226.875,1.933239
-69.73821989528795,231.875,2.081108
-69.73821989528795,236.875,2.1635075
-69.73821989528795,241.875,2.2110786
-69.73821989528795,246.875,2.3203373
-69.73821989528795,251.875,2.4798565
-69.73821989528795,256.875,2.6398678
-69.73821989528795,261.875,2.7628422
-69.73821989528795,266.875,2.8365269
-69.73821989528795,271.875,2.8816185
-69.73821989528795,276.875,2.976656
-69.73821989528795,281.875,3.0181675
-69.73821989528795,286.875,2.8674755
-69.73821989528795,291.875,2.5362186
-69.73821989528795,296.875,2.4009228
-69.73821989528795,301.875,2.420085
-69.73821989528795,306.875,2.3351192
-69.73821989528795,311.875,2.3787231
-69.73821989528795,316.875,2.43079
-69.73821989528795,321.875,2.4509258
-69.73821989528795,326.875,2.5335693
-69.73821989528795,331.875,2.715866
-69.73821989528795,336.875,2.9149342
-69.73821989528795,341.875,3.0158024
-69.73821989528795,346.875,2.9406986
-69.73821989528795,351.875,2.8827229
-69.73821989528795,356.875,2.8235989
-65.96858638743456,1.875,2.7990036
-65.96858638743456,6.875,2.9362316
-65.96858638743456,11.875,3.1492233
-65.96858638743456,16.875,3.3521538
-65.96858638743456,21.875,3.4936275
-65.96858638743456,26.875,3.603342
-65.96858638743456,31.875,3.6409683
-65.96858638743456,36.875,3.605545
-65.96858638743456,41.875,3.555046
-65.96858638743456,46.875,3.0999756
-65.96858638743456,51.875,2.3994646
-65.96858638743456,56.875,2.1479063
-65.96858638743456,61.875,1.837759
-65.96858638743456,66.875,1.7466383
-65.96858638743456,71.875,1.7383289
-65.96858638743456,76.875,1.65662
-65.96858638743456,81.875,1.6057091
-65.96858638743456,86.875,1.5954065
-65.96858638743456,91.875,1.5372295
-65.96858638743456,96.875,1.633214
-65.96858638743456,101.875,1.5863762
-65.96858638743456,106.875,1.686595
-65.96858638743456,111.875,1.8208323
-65.96858638743456,116.875,2.0182304
-65.96858638743456,121.875,1.9111195
-65.96858638743456,126.875,1.8341722
-65.96858638743456,131.875,1.6845093
-65.96858638743456,136.875,1.5900469
-65.96858638743456,141.875,1.6162987
-65.96858638743456,146.875,1.7278929
-65.96858638743456,151.875,1.7609215
-65.96858638743456,156.875,1.7116165
-65.96858638743456,161.875,1.6571388
-65.96858638743456,166.875,1.6656857
-65.96858638743456,171.875,1.6965294
-65.96858638743456,176.875,1.5425606
-65.96858638743456,181.875,1.3952045
-65.96858638743456,186.875,1.3337479
-65.96858638743456,191.875,1.2590561
-65.96858638743456,196.875,1.1513844
-65.96858638743456,201.875,1.0644264
-65.96858638743456,206.875,1.0372524
-65.96858638743456,211.875,1.1038647
-65.96858638743456,216.875,1.3208466
-65.96858638743456,221.875,1.5583
-65.96858638743456,226.875,1.7322483
-65.96858638743456,231.875,1.870966
-65.96858638743456,236.875,1.9986496
-65.96858638743456,241.875,2.1402454
-65.96858638743456,246.875,2.3070755
-65.96858638743456,251.875,2.4598446
-65.96858638743456,256.875,2.615036
-65.96858638743456,261.875,2.7628117
-65.96858638743456,266.875,2.8592892
-65.96858638743456,271.875,2.9231167
-65.96858638743456,276.875,2.9804573
-65.96858638743456,281.875,3.0014343
-65.96858638743456,286.875,3.0506687
-65.96858638743456,291.875,3.0802937
-65.96858638743456,296.875,3.0449772
-65.96858638743456,301.875,2.9452477
-65.96858638743456,306.875,2.6092453
-65.96858638743456,311.875,2.462923
-65.96858638743456,316.875,2.4151115
-65.96858638743456,321.875,2.404499
-65.96858638743456,326.875,2.4359207
-65.96858638743456,331.875,2.5062065
-65.96858638743456,336.875,2.5829506
-65.96858638743456,341.875,2.6223621
-65.96858638743456,346.875,2.6463604
-65.96858638743456,351.875,2.6872158
-65.96858638743456,356.875,2.7242393
-62.19895287958116,1.875,2.3810902
-62.19895287958116,6.875,2.5919552
-62.19895287958116,11.875,2.8505344
-62.19895287958116,16.875,3.007267
-62.19895287958116,21.875,3.0126476
-62.19895287958116,26.875,2.841713
-62.19895287958116,31.875,2.6392746
-62.19895287958116,36.875,2.422161
-62.19895287958116,41.875,2.2827015
-62.19895287958116,46.875,2.2895565
-62.19895287958116,51.875,2.360323
-62.19895287958116,56.875,2.378561
-62.19895287958116,61.875,2.3784447
-62.19895287958116,66.875,2.3835144
-62.19895287958116,71.875,2.3120003
-62.19895287958116,76.875,1.9023666
-62.19895287958116,81.875,1.673727
-62.19895287958116,86.875,1.665184
-62.19895287958116,91.875,1.8251076
-62.19895287958116,96.875,1.9948769
-62.19895287958116,101.875,2.0540218
-62.19895287958116,106.875,2.073923
-62.19895287958116,111.875,2.112442
-62.19895287958116,116.875,2.1320267
-62.19895287958116,121.875,2.135128
-62.19895287958116,126.875,2.0752945
-62.19895287958116,131.875,1.8586941
-62.19895287958116,136.875,1.6797314
-62.19895287958116,141.875,1.5592995
-62.19895287958116,146.875,1.4734497
-62.19895287958116,151.875,1.3995094
-62.19895287958116,156.875,1.2461014
-62.19895287958116,161.875,1.149334
-62.19895287958116,166.875,1.1401749
-62.19895287958116,171.875,1.0939999
-62.19895287958116,176.875,0.9740925
-62.19895287958116,181.875,0.8986645
-62.19895287958116,186.875,0.9063606
-62.19895287958116,191.875,0.92897797
-62.19895287958116,196.875,0.9070282
-62.19895287958116,201.875,0.8656597
-62.19895287958116,206.875,0.83753204
-62.19895287958116,211.875,0.8270302
-62.19895287958116,216.875,0.9282551
-62.19895287958116,221.875,1.0959759
-62.19895287958116,226.875,1.1669388
-62.19895287958116,231.875,1.1423283
-62.19895287958116,236.875,1.1495895
-62.19895287958116,241.875,1.2080498
-62.19895287958116,246.875,1.277338
-62.19895287958116,251.875,1.3707714
-62.19895287958116,256.875,1.4587517
-62.19895287958116,261.875,1.5435581
-62.19895287958116,266.875,1.6290989
-62.19895287958116,271.875,1.6580639
-62.19895287958116,276.875,1.7050457
-62.19895287958116,281.875,1.8175755
-62.19895287958116,286.875,1.9859371
-62.19895287958116,291.875,2.2770386
-62.19895287958116,296.875,2.516245
-62.19895287958116,301.875,2.5686607
-62.19895287958116,306.875,2.4259605
-62.19895287958116,311.875,2.2998295
-62.19895287958116,316.875,2.1431599
-62.19895287958116,321.875,2.1012344
-62.19895287958116,326.875,2.133234
-62.19895287958116,331.875,2.16185
-62.19895287958116,336.875,2.2169456
-62.19895287958116,341.875,2.284275
-62.19895287958116,346.875,2.2948399
-62.19895287958116,351.875,2.2881107
-62.19895287958116,356.875,2.2927017
-58.42931937172774,1.875,2.1043282
-58.42931937172774,6.875,2.2243671
-58.42931937172774,11.875,2.3980503
-58.42931937172774,16.875,2.3822308
-58.42931937172774,21.875,2.134304
-58.42931937172774,26.875,1.8539982
-58.42931937172774,31.875,1.7296677
-58.42931937172774,36.875,1.6482391
-58.42931937172774,41.875,1.5921364
-58.42931937172774,46.875,1.5499878
-58.42931937172774,51.875,1.5197144
-58.42931937172774,56.875,1.5007343
-58.42931937172774,61.875,1.5089321
-58.42931937172774,66.875,1.5719719
-58.42931937172774,71.875,1.6877613
-58.42931937172774,76.875,1.6519527
-58.42931937172774,81.875,1.5285835
-58.42931937172774,86.875,1.4712601
-58.42931937172774,91.875,1.4822483
-58.42931937172774,96.875,1.5131798
-58.42931937172774,101.875,1.4979706
-58.42931937172774,106.875,1.4225845
-58.42931937172774,111.875,1.3518066
-58.42931937172774,116.875,1.2768135
-58.42931937172774,121.875,1.2210026
-58.42931937172774,126.875,1.1713581
-58.42931937172774,131.875,1.1147728
-58.42931937172774,136.875,1.0673199
-58.42931937172774,141.875,1.0514736
-58.42931937172774,146.875,1.0201073
-58.42931937172774,151.875,0.9434395
-58.42931937172774,156.875,0.9298401
-58.42931937172774,161.875,0.9444618
-58.42931937172774,166.875,0.956604
-58.42931937172774,171.875,0.887331
-58.42931937172774,176.875,0.85318947
-58.42931937172774,181.875,0.8414192
-58.42931937172774,186.875,0.8315811
-58.42931937172774,191.875,0.8015003
-58.42931937172774,196.875,0.75447845
-58.42931937172774,201.875,0.7041626
-58.42931937172774,206.875,0.65382004
-58.42931937172774,211.875,0.60645103
-58.42931937172774,216.875,0.6063099
-58.42931937172774,221.875,0.6839428
-58.42931937172774,226.875,0.7924366
-58.42931937172774,231.875,0.8252716
-58.42931937172774,236.875,0.8000698
-58.42931937172774,241.875,0.82108307
-58.42931937172774,246.875,0.8590565
-58.42931937172774,251.875,0.9441261
-58.42931937172774,256.875,1.038969
-58.42931937172774,261.875,1.10816
-58.42931937172774,266.875,1.1518917
-58.42931937172774,271.875,1.1808777
-58.42931937172774,276.875,1.1903667
-58.42931937172774,281.875,1.1980057
-58.42931937172774,286.875,1.2146034
-58.42931937172774,291.875,1.2619991
-58.42931937172774,296.875,1.3212128
-58.42931937172774,301.875,1.3140717
-58.42931937172774,306.875,1.3351192
-58.42931937172774,311.875,1.3751755
-58.42931937172774,316.875,1.361084
-58.42931937172774,321.875,1.3739738
-58.42931937172774,326.875,1.4666748
-58.42931937172774,331.875,1.5550785
-58.42931937172774,336.875,1.6297646
-58.42931937172774,341.875,1.7092667
-58.42931937172774,346.875,1.793829
-58.42931937172774,351.875,1.8950634
-58.42931937172774,356.875,2.0174751
-54.659685863874344,1.875,1.4157963
-54.659685863874344,6.875,1.4920483
-54.659685863874344,11.875,1.6368713
-54.659685863874344,16.875,1.6381607
-54.659685863874344,21.875,1.5568638
-54.659685863874344,26.875,1.4826927
-54.659685863874344,31.875,1.4393768
-54.659685863874344,36.875,1.430788
-54.659685863874344,41.875,1.4279308
-54.659685863874344,46.875,1.4092884
-54.659685863874344,51.875,1.3771725
-54.659685863874344,56.875,1.3666611
-54.659685863874344,61.875,1.3910942
-54.659685863874344,66.875,1.420578
-54.659685863874344,71.875,1.4381733
-54.659685863874344,76.875,1.4515705
-54.659685863874344,81.875,1.3371468
-54.659685863874344,86.875,1.2885513
-54.659685863874344,91.875,1.2478924
-54.659685863874344,96.875,1.2342243
-54.659685863874344,101.875,1.1983032
-54.659685863874344,106.875,1.1601677
-54.659685863874344,111.875,1.1122074
-54.659685863874344,116.875,1.0678158
-54.659685863874344,121.875,1.0363064
-54.659685863874344,126.875,1.0103245
-54.659685863874344,131.875,0.98762894
-54.659685863874344,136.875,0.97719574
-54.659685863874344,141.875,0.99115753
-54.659685863874344,146.875,0.97984123
-54.659685863874344,151.875,0.9541149
-54.659685863874344,156.875,0.93307495
-54.659685863874344,161.875,0.9284382
-54.659685863874344,166.875,0.96466637
-54.659685863874344,171.875,0.9703064
-54.659685863874344,176.875,0.9512825
-54.659685863874344,181.875,0.9266567
-54.659685863874344,186.875,0.916481
-54.659685863874344,191.875,0.86629295
-54.659685863874344,196.875,0.766592
-54.659685863874344,201.875,0.6955223
-54.659685863874344,206.875,0.64915276
-54.659685863874344,211.875,0.5902138
-54.659685863874344,216.875,0.51190376
-54.659685863874344,221.875,0.529768
-54.659685863874344,226.875,0.59700966
-54.659685863874344,231.875,0.6903076
-54.659685863874344,236.875,0.72377014
-54.659685863874344,241.875,0.7258568
-54.659685863874344,246.875,0.7390213
-54.659685863874344,251.875,0.8336868
-54.659685863874344,256.875,0.9321995
-54.659685863874344,261.875,0.99869156
-54.659685863874344,266.875,1.0294209
-54.659685863874344,271.875,1.0498867
-54.659685863874344,276.875,1.0488472
-54.659685863874344,281.875,1.0230961
-54.659685863874344,286.875,1.0633278
-54.659685863874344,291.875,1.1613274
-54.659685863874344,296.875,1.0459347
-54.659685863874344,301.875,1.0187416
-54.659685863874344,306.875,0.98836136
-54.659685863874344,311.875,0.9925747
-54.659685863874344,316.875,1.0083828
-54.659685863874344,321.875,1.0011425
-54.659685863874344,326.875,1.0440941
-54.659685863874344,331.875,1.1073666
-54.659685863874344,336.875,1.1503067
-54.659685863874344,341.875,1.1874714
-54.659685863874344,346.875,1.2399673
-54.659685863874344,351.875,1.2945213
-54.659685863874344,356.875,1.3419876
-50.89005235602094,1.875,1.2441654
-50.89005235602094,6.875,1.3317204
-50.89005235602094,11.875,1.3620052
-50.89005235602094,16.875,1.2800808
-50.89005235602094,21.875,1.271555
-50.89005235602094,26.875,1.3184433
-50.89005235602094,31.875,1.3328362
-50.89005235602094,36.875,1.3527298
-50.89005235602094,41.875,1.3557148
-50.89005235602094,46.875,1.3049755
-50.89005235602094,51.875,1.3072186
-50.89005235602094,56.875,1.3220234
-50.89005235602094,61.875,1.3769131
-50.89005235602094,66.875,1.372036
-50.89005235602094,71.875,1.3476372
-50.89005235602094,76.875,1.3297863
-50.89005235602094,81.875,1.3075447
-50.89005235602094,86.875,1.2526073
-50.89005235602094,91.875,1.2388287
-50.89005235602094,96.875,1.2254505
-50.89005235602094,101.875,1.2081566
-50.89005235602094,106.875,1.1812668
-50.89005235602094,111.875,1.1374149
-50.89005235602094,116.875,1.0785427
-50.89005235602094,121.875,1.0324554
-50.89005235602094,126.875,0.99975204
-50.89005235602094,131.875,0.98467064
-50.89005235602094,136.875,0.97395134
-50.89005235602094,141.875,0.95476913
-50.89005235602094,146.875,0.9509258
-50.89005235602094,151.875,0.9483471
-50.89005235602094,156.875,0.9585724
-50.89005235602094,161.875,1.010807
-50.89005235602094,166.875,1.067091
-50.89005235602094,171.875,1.0758305
-50.89005235602094,176.875,1.0676346
-50.89005235602094,181.875,1.0614719
-50.89005235602094,186.875,1.0204506
-50.89005235602094,191.875,0.93260574
-50.89005235602094,196.875,0.80107117
-50.89005235602094,201.875,0.7510109
-50.89005235602094,206.875,0.71294594
-50.89005235602094,211.875,0.6066017
-50.89005235602094,216.875,0.51543427
-50.89005235602094,221.875,0.5695591
-50.89005235602094,226.875,0.6945782
-50.89005235602094,231.875,0.73350716
-50.89005235602094,236.875,0.7429466
-50.89005235602094,241.875,0.73768044
-50.89005235602094,246.875,0.7639942
-50.89005235602094,251.875,0.8090801
-50.89005235602094,256.875,0.86810493
-50.89005235602094,261.875,0.93288803
-50.89005235602094,266.875,0.97182846
-50.89005235602094,271.875,0.9762573
-50.89005235602094,276.875,0.95519257
-50.89005235602094,281.875,0.923542
-50.89005235602094,286.875,1.2226181
-50.89005235602094,291.875,1.1949482
-50.89005235602094,296.875,1.065937
-50.89005235602094,301.875,1.0261459
-50.89005235602094,306.875,0.94813156
-50.89005235602094,311.875,0.9703064
-50.89005235602094,316.875,0.9768696
-50.89005235602094,321.875,0.95467186
-50.89005235602094,326.875,0.9583359
-50.89005235602094,331.875,0.9858303
-50.89005235602094,336.875,1.0198841
-50.89005235602094,341.875,1.0566902
-50.89005235602094,346.875,1.1669617
-50.89005235602094,351.875,1.1790447
-50.89005235602094,356.875,1.1757793
-47.12041884816754,1.875,1.1655312
-47.12041884816754,6.875,1.1945915
-47.12041884816754,11.875,1.132843
-47.12041884816754,16.875,1.1184521
-47.12041884816754,21.875,1.146162
-47.12041884816754,26.875,1.1880627
-47.12041884816754,31.875,1.2550831
-47.12041884816754,36.875,1.3299942
-47.12041884816754,41.875,1.2912865
-47.12041884816754,46.875,1.2493153
-47.12041884816754,51.875,1.2650261
-47.12041884816754,56.875,1.2318211
-47.12041884816754,61.875,1.2756767
-47.12041884816754,66.875,1.310154
-47.12041884816754,71.875,1.3171616
-47.12041884816754,76.875,1.308012
-47.12041884816754,81.875,1.2770367
-47.12041884816754,86.875,1.2441597
-47.12041884816754,91.875,1.2225208
-47.12041884816754,96.875,1.208458
-47.12041884816754,101.875,1.1775074
-47.12041884816754,106.875,1.1390057
-47.12041884816754,111.875,1.093399
-47.12041884816754,116.875,1.057642
-47.12041884816754,121.875,1.0318146
-47.12041884816754,126.875,1.0006981
-47.12041884816754,131.875,0.99111176
-47.12041884816754,136.875,0.9823246
-47.12041884816754,141.875,1.02071
-47.12041884816754,146.875,1.1332664
-47.12041884816754,151.875,1.1700077
-47.12041884816754,156.875,1.1645241
-47.12041884816754,161.875,1.2129898
-47.12041884816754,166.875,1.3298264
-47.12041884816754,171.875,1.3709297
-47.12041884816754,176.875,1.347271
-47.12041884816754,181.875,1.2792606
-47.12041884816754,186.875,1.1668377
-47.12041884816754,191.875,1.0417404
-47.12041884816754,196.875,0.9371872
-47.12041884816754,201.875,0.8676605
-47.12041884816754,206.875,0.8051758
-47.12041884816754,211.875,0.74726295
-47.12041884816754,216.875,0.70386124
-47.12041884816754,221.875,0.68819046
-47.12041884816754,226.875,0.69771767
-47.12041884816754,231.875,0.7145176
-47.12041884816754,236.875,0.7253666
-47.12041884816754,241.875,0.74053764
-47.12041884816754,246.875,0.77129936
-47.12041884816754,251.875,0.7953892
-47.12041884816754,256.875,0.8500805
-47.12041884816754,261.875,0.9278145
-47.12041884816754,266.875,0.95018005
-47.12041884816754,271.875,0.9334011
-47.12041884816754,276.875,0.89333916
-47.12041884816754,281.875,0.8557205
-47.12041884816754,286.875,1.1742
-47.12041884816754,291.875,1.1982174
-47.12041884816754,296.875,1.0197353
-47.12041884816754,301.875,1.0182076
-47.12041884816754,306.875,1.1367264
-47.12041884816754,311.875,1.1561203
-47.12041884816754,316.875,1.0783443
-47.12041884816754,321.875,1.015377
-47.12041884816754,326.875,0.98667145
-47.12041884816754,331.875,0.96159935
-47.12041884816754,336.875,0.95386887
-47.12041884816754,341.875,1.0247593
-47.12041884816754,346.875,1.1639099
-47.12041884816754,351.875,1.1451511
-47.12041884816754,356.875,1.1379299
-43.35078534031414,1.875,1.0288963
-43.35078534031414,6.875,1.0193787
-43.35078534031414,11.875,1.0293865
-43.35078534031414,16.875,1.059761
-43.35078534031414,21.875,1.1027985
-43.35078534031414,26.875,1.1366653
-43.35078534031414,31.875,1.1770306
-43.35078534031414,36.875,1.2614994
-43.35078534031414,41.875,1.2000809
-43.35078534031414,46.875,1.1287861
-43.35078534031414,51.875,1.1639423
-43.35078534031414,56.875,1.1359749
-43.35078534031414,61.875,1.1605434
-43.35078534031414,66.875,1.2037449
-43.35078534031414,71.875,1.2522373
-43.35078534031414,76.875,1.2536125
-43.35078534031414,81.875,1.2495041
-43.35078534031414,86.875,1.2206955
-43.35078534031414,91.875,1.195673
-43.35078534031414,96.875,1.1548176
-43.35078534031414,101.875,1.1240959
-43.35078534031414,106.875,1.09342
-43.35078534031414,111.875,1.0621128
-43.35078534031414,116.875,1.0339756
-43.35078534031414,121.875,0.99531174
-43.35078534031414,126.875,0.9663105
-43.35078534031414,131.875,0.9553242
-43.35078534031414,136.875,0.9811058
-43.35078534031414,141.875,1.1117611
-43.35078534031414,146.875,1.3866043
-43.35078534031414,151.875,1.5344048
-43.35078534031414,156.875,1.4160671
-43.35078534031414,161.875,1.409832
-43.35078534031414,166.875,1.5024986
-43.35078534031414,171.875,1.6100082
-43.35078534031414,176.875,1.4999809
-43.35078534031414,181.875,1.3386269
-43.35078534031414,186.875,1.1839237
-43.35078534031414,191.875,1.0722847
-43.35078534031414,196.875,0.99341774
-43.35078534031414,201.875,0.93800926
-43.35078534031414,206.875,0.8826351
-43.35078534031414,211.875,0.81199837
-43.35078534031414,216.875,0.7422066
-43.35078534031414,221.875,0.69335556
-43.35078534031414,226.875,0.6757717
-43.35078534031414,231.875,0.68857956
-43.35078534031414,236.875,0.7047043
-43.35078534031414,241.875,0.71990776
-43.35078534031414,246.875,0.7650471
-43.35078534031414,251.875,0.8224945
-43.35078534031414,256.875,0.88739204
-43.35078534031414,261.875,0.93338394
-43.35078534031414,266.875,0.936039
-43.35078534031414,271.875,0.91183853
-43.35078534031414,276.875,0.86198235
-43.35078534031414,281.875,0.81588364
-43.35078534031414,286.875,1.0856915
-43.35078534031414,291.875,1.1561317
-43.35078534031414,296.875,0.98239136
-43.35078534031414,301.875,1.3064098
-43.35078534031414,306.875,1.2343178
-43.35078534031414,311.875,1.0904388
-43.35078534031414,316.875,1.0073566
-43.35078534031414,321.875,0.93012047
-43.35078534031414,326.875,0.86392593
-43.35078534031414,331.875,0.83406067
-43.35078534031414,336.875,0.8509884
-43.35078534031414,341.875,0.98121643
-43.35078534031414,346.875,0.9890766
-43.35078534031414,351.875,0.9377041
-43.35078534031414,356.875,0.98477936
-39.58115183246073,1.875,0.98482895
-39.58115183246073,6.875,0.97260666
-39.58115183246073,11.875,0.9379158
-39.58115183246073,16.875,0.9346905
-39.58115183246073,21.875,0.9630375
-39.58115183246073,26.875,0.97278214
-39.58115183246073,31.875,0.99840164
-39.58115183246073,36.875,1.0759048
-39.58115183246073,41.875,1.105154
-39.58115183246073,46.875,1.1433887
-39.58115183246073,51.875,1.2001171
-39.58115183246073,56.875,1.2545891
-39.58115183246073,61.875,1.2779274
-39.58115183246073,66.875,1.285759
-39.58115183246073,71.875,1.2434578
-39.58115183246073,76.875,1.2065334
-39.58115183246073,81.875,1.1882267
-39.58115183246073,86.875,1.1670208
-39.58115183246073,91.875,1.1710262
-39.58115183246073,96.875,1.1573277
-39.58115183246073,101.875,1.1343555
-39.58115183246073,106.875,1.093235
-39.58115183246073,111.875,1.0098705
-39.58115183246073,116.875,0.94480705
-39.58115183246073,121.875,0.9289875
-39.58115183246073,126.875,0.9569416
-39.58115183246073,131.875,0.98373604
-39.58115183246073,136.875,1.0160408
-39.58115183246073,141.875,1.1278934
-39.58115183246073,146.875,1.3867226
-39.58115183246073,151.875,1.6975117
-39.58115183246073,156.875,1.5468521
-39.58115183246073,161.875,1.5255013
-39.58115183246073,166.875,1.550724
-39.58115183246073,171.875,1.6129436
-39.58115183246073,176.875,1.5278759
-39.58115183246073,181.875,1.3162766
-39.58115183246073,186.875,1.2084827
-39.58115183246073,191.875,1.1344604
-39.58115183246073,196.875,1.064003
-39.58115183246073,201.875,1.0071964
-39.58115183246073,206.875,0.9343357
-39.58115183246073,211.875,0.8569584
-39.58115183246073,216.875,0.7774143
-39.58115183246073,221.875,0.7291336
-39.58115183246073,226.875,0.70947075
-39.58115183246073,231.875,0.70648
-39.58115183246073,236.875,0.68605804
-39.58115183246073,241.875,0.6874256
-39.58115183246073,246.875,0.75317764
-39.58115183246073,251.875,0.8449974
-39.58115183246073,256.875,0.9085388
-39.58115183246073,261.875,0.92375374
-39.58115183246073,266.875,0.8991413
-39.58115183246073,271.875,0.8788719
-39.58115183246073,276.875,0.81907845
-39.58115183246073,281.875,0.7806816
-39.58115183246073,286.875,1.1663532
-39.58115183246073,291.875,1.1478901
-39.58115183246073,296.875,0.9333515
-39.58115183246073,301.875,1.214756
-39.58115183246073,306.875,0.9926052
-39.58115183246073,311.875,0.9079056
-39.58115183246073,316.875,0.8372021
-39.58115183246073,321.875,0.7636833
-39.58115183246073,326.875,0.71208954
-39.58115183246073,331.875,0.70573235
-39.58115183246073,336.875,0.7552986
-39.58115183246073,341.875,0.8338165
-39.58115183246073,346.875,0.829546
-39.58115183246073,351.875,0.88897324
-39.58115183246073,356.875,0.9528103
-35.81151832460733,1.875,0.9925575
-35.81151832460733,6.875,0.960371
-35.81151832460733,11.875,0.94402695
-35.81151832460733,16.875,0.96502113
-35.81151832460733,21.875,1.0390415
-35.81151832460733,26.875,1.0358009
-35.81151832460733,31.875,1.0371628
-35.81151832460733,36.875,1.2378788
-35.81151832460733,41.875,1.3383923
-35.81151832460733,46.875,1.3692303
-35.81151832460733,51.875,1.3771305
-35.81151832460733,56.875,1.3596249
-35.81151832460733,61.875,1.3441525
-35.81151832460733,66.875,1.3110085
-35.81151832460733,71.875,1.2607231
-35.81151832460733,76.875,1.2211628
-35.81151832460733,81.875,1.1881905
-35.81151832460733,86.875,1.1791
-35.81151832460733,91.875,1.1663418
-35.81151832460733,96.875,1.1488628
-35.81151832460733,101.875,1.1426582
-35.81151832460733,106.875,1.0641041
-35.81151832460733,111.875,0.94405174
-35.81151832460733,116.875,0.9452381
-35.81151832460733,121.875,0.93141747
-35.81151832460733,126.875,1.014595
-35.81151832460733,131.875,1.0501823
-35.81151832460733,136.875,1.1068344
-35.81151832460733,141.875,1.2400417
-35.81151832460733,146.875,1.2800217
-35.81151832460733,151.875,1.5024376
-35.81151832460733,156.875,1.4344597
-35.81151832460733,161.875,1.4673481
-35.81151832460733,166.875,1.5434875
-35.81151832460733,171.875,1.5701752
-35.81151832460733,176.875,1.4373188
-35.81151832460733,181.875,1.2577972
-35.81151832460733,186.875,1.1831322
-35.81151832460733,191.875,1.1460075
-35.81151832460733,196.875,1.1131573
-35.81151832460733,201.875,1.0456848
-35.81151832460733,206.875,0.9471588
-35.81151832460733,211.875,0.87306213
-35.81151832460733,216.875,0.81459236
-35.81151832460733,221.875,0.75751114
-35.81151832460733,226.875,0.7049885
-35.81151832460733,231.875,0.6628132
-35.81151832460733,236.875,0.63191986
-35.81151832460733,241.875,0.65348434
-35.81151832460733,246.875,0.7220669
-35.81151832460733,251.875,0.8005295
-35.81151832460733,256.875,0.85970306
-35.81151832460733,261.875,0.8805504
-35.81151832460733,266.875,0.86787033
-35.81151832460733,271.875,0.832634
-35.81151832460733,276.875,0.7688656
-35.81151832460733,281.875,0.7659569
-35.81151832460733,286.875,1.2571754
-35.81151832460733,291.875,1.2368412
-35.81151832460733,296.875,0.8463993
-35.81151832460733,301.875,0.90503883
-35.81151832460733,306.875,1.0075932
-35.81151832460733,311.875,0.879446
-35.81151832460733,316.875,0.7664871
-35.81151832460733,321.875,0.72141457
-35.81151832460733,326.875,0.72725296
-35.81151832460733,331.875,0.76288986
-35.81151832460733,336.875,0.7993126
-35.81151832460733,341.875,0.85518837
-35.81151832460733,346.875,0.9136467
-35.81151832460733,351.875,0.95051765
-35.81151832460733,356.875,0.9842434
-32.04188481675392,1.875,1.0266247
-32.04188481675392,6.875,0.9695053
-32.04188481675392,11.875,0.92985344
-32.04188481675392,16.875,1.0743599
-32.04188481675392,21.875,1.7339573
-32.04188481675392,26.875,1.4611168
-32.04188481675392,31.875,1.2390156
-32.04188481675392,36.875,1.4300613
-32.04188481675392,41.875,1.4521046
-32.04188481675392,46.875,1.419424
-32.04188481675392,51.875,1.3897686
-32.04188481675392,56.875,1.3702507
-32.04188481675392,61.875,1.3268623
-32.04188481675392,66.875,1.2846451
-32.04188481675392,71.875,1.2531223
-32.04188481675392,76.875,1.2259655
-32.04188481675392,81.875,1.2181015
-32.04188481675392,86.875,1.2062874
-32.04188481675392,91.875,1.1939182
-32.04188481675392,96.875,1.1666565
-32.04188481675392,101.875,1.1212921
-32.04188481675392,106.875,0.9923401
-32.04188481675392,111.875,0.958601
-32.04188481675392,116.875,1.3689213
-32.04188481675392,121.875,1.3999081
-32.04188481675392,126.875,1.2461262
-32.04188481675392,131.875,1.1868858
-32.04188481675392,136.875,1.3702202
-32.04188481675392,141.875,1.4170265
-32.04188481675392,146.875,1.3148117
-32.04188481675392,151.875,1.2379532
-32.04188481675392,156.875,1.2033882
-32.04188481675392,161.875,1.2887859
-32.04188481675392,166.875,1.4198112
-32.04188481675392,171.875,1.430891
-32.04188481675392,176.875,1.3219528
-32.04188481675392,181.875,1.2131233
-32.04188481675392,186.875,1.1690712
-32.04188481675392,191.875,1.164875
-32.04188481675392,196.875,1.1344833
-32.04188481675392,201.875,1.0532627
-32.04188481675392,206.875,0.9602642
-32.04188481675392,211.875,0.89764404
-32.04188481675392,216.875,0.8256054
-32.04188481675392,221.875,0.7421932
-32.04188481675392,226.875,0.64704514
-32.04188481675392,231.875,0.5656185
-32.04188481675392,236.875,0.552948
-32.04188481675392,241.875,0.6196747
-32.04188481675392,246.875,0.7136421
-32.04188481675392,251.875,0.7918663
-32.04188481675392,256.875,0.85392
-32.04188481675392,261.875,0.8749695
-32.04188481675392,266.875,0.8401737
-32.04188481675392,271.875,0.77726364
-32.04188481675392,276.875,0.71325874
-32.04188481675392,281.875,0.7915592
-32.04188481675392,286.875,1.3016853
-32.04188481675392,291.875,1.4295444
-32.04188481675392,296.875,1.2312107
-32.04188481675392,301.875,1.0719833
-32.04188481675392,306.875,1.103056
-32.04188481675392,311.875,1.056715
-32.04188481675392,316.875,0.902462
-32.04188481675392,321.875,0.88077164
-32.04188481675392,326.875,0.9003792
-32.04188481675392,331.875,0.9280338
-32.04188481675392,336.875,0.95952225
-32.04188481675392,341.875,1.0018177
-32.04188481675392,346.875,1.0532074
-32.04188481675392,351.875,1.0766563
-32.04188481675392,356.875,1.0675964
-28.272251308900525,1.875,1.0353394
-28.272251308900525,6.875,0.9657593
-28.272251308900525,11.875,0.9458389
-28.272251308900525,16.875,1.4347572
-28.272251308900525,21.875,2.0228996
-28.272251308900525,26.875,1.8897495
-28.272251308900525,31.875,1.488678
-28.272251308900525,36.875,1.3964062
-28.272251308900525,41.875,1.4191418
-28.272251308900525,46.875,1.3786182
-28.272251308900525,51.875,1.3467503
-28.272251308900525,56.875,1.3292809
-28.272251308900525,61.875,1.2856941
-28.272251308900525,66.875,1.234415
-28.272251308900525,71.875,1.1898556
-28.272251308900525,76.875,1.1642513
-28.272251308900525,81.875,1.1537628
-28.272251308900525,86.875,1.1511173
-28.272251308900525,91.875,1.1399326
-28.272251308900525,96.875,1.0919685
-28.272251308900525,101.875,0.99710274
-28.272251308900525,106.875,0.9105873
-28.272251308900525,111.875,0.96650505
-28.272251308900525,116.875,1.5553017
-28.272251308900525,121.875,1.719677
-28.272251308900525,126.875,1.6732063
-28.272251308900525,131.875,1.5739555
-28.272251308900525,136.875,1.6173687
-28.272251308900525,141.875,1.6883755
-28.272251308900525,146.875,1.6214943
-28.272251308900525,151.875,1.180233
-28.272251308900525,156.875,1.1979961
-28.272251308900525,161.875,1.2901516
-28.272251308900525,166.875,1.3501034
-28.272251308900525,171.875,1.3347778
-28.272251308900525,176.875,1.2583027
-28.272251308900525,181.875,1.1828098
-28.272251308900525,186.875,1.1575928
-28.272251308900525,191.875,1.1330376
-28.272251308900525,196.875,1.088871
-28.272251308900525,201.875,1.0200539
-28.272251308900525,206.875,0.9520016
-28.272251308900525,211.875,0.8924999
-28.272251308900525,216.875,0.80909157
-28.272251308900525,221.875,0.71003723
-28.272251308900525,226.875,0.6328583
-28.272251308900525,231.875,0.6070347
-28.272251308900525,236.875,0.6268711
-28.272251308900525,241.875,0.70218086
-28.272251308900525,246.875,0.791769
-28.272251308900525,251.875,0.8465328
-28.272251308900525,256.875,0.85702133
-28.272251308900525,261.875,0.8298321
-28.272251308900525,266.875,0.77757645
-28.272251308900525,271.875,0.7134342
-28.272251308900525,276.875,0.7021427
-28.272251308900525,281.875,0.90333176
-28.272251308900525,286.875,1.4158115
-28.272251308900525,291.875,1.6497536
-28.272251308900525,296.875,1.3734188
-28.272251308900525,301.875,1.286705
-28.272251308900525,306.875,1.4419556
-28.272251308900525,311.875,1.2758083
-28.272251308900525,316.875,1.1482964
-28.272251308900525,321.875,1.1149673
-28.272251308900525,326.875,1.082655
-28.272251308900525,331.875,1.07864
-28.272251308900525,336.875,1.107441
-28.272251308900525,341.875,1.1402779
-28.272251308900525,346.875,1.1628494
-28.272251308900525,351.875,1.1556835
-28.272251308900525,356.875,1.1100235
-24.502617801047123,1.875,1.0239315
-24.502617801047123,6.875,0.97686005
-24.502617801047123,11.875,1.084135
-24.502617801047123,16.875,2.0232677
-24.502617801047123,21.875,2.1266422
-24.502617801047123,26.875,2.0435066
-24.502617801047123,31.875,1.7146473
-24.502617801047123,36.875,1.3841629
-24.502617801047123,41.875,1.4440346
-24.502617801047123,46.875,1.3937855
-24.502617801047123,51.875,1.2926407
-24.502617801047123,56.875,1.2660675
-24.502617801047123,61.875,1.2194996
-24.502617801047123,66.875,1.153389
-24.502617801047123,71.875,1.1080399
-24.502617801047123,76.875,1.083025
-24.502617801047123,81.875,1.0700188
-24.502617801047123,86.875,1.0638542
-24.502617801047123,91.875,1.040554
-24.502617801047123,96.875,0.9937649
-24.502617801047123,101.875,0.913784
-24.502617801047123,106.875,0.8870449
-24.502617801047123,111.875,0.97740364
-24.502617801047123,116.875,1.6997223
-24.502617801047123,121.875,1.9090328
-24.502617801047123,126.875,1.8996277
-24.502617801047123,131.875,1.8166637
-24.502617801047123,136.875,1.7367096
-24.502617801047123,141.875,1.7031212
-24.502617801047123,146.875,1.7528172
-24.502617801047123,151.875,1.3791294
-24.502617801047123,156.875,1.1998367
-24.502617801047123,161.875,1.2624283
-24.502617801047123,166.875,1.277441
-24.502617801047123,171.875,1.2306709
-24.502617801047123,176.875,1.1523056
-24.502617801047123,181.875,1.0906487
-24.502617801047123,186.875,1.0602169
-24.502617801047123,191.875,1.0345001
-24.502617801047123,196.875,1.0113602
-24.502617801047123,201.875,0.966383
-24.502617801047123,206.875,0.9282417
-24.502617801047123,211.875,0.892437
-24.502617801047123,216.875,0.8383827
-24.502617801047123,221.875,0.7878742
-24.502617801047123,226.875,0.7714081
-24.502617801047123,231.875,0.79403496
-24.502617801047123,236.875,0.8276806
-24.502617801047123,241.875,0.8511162
-24.502617801047123,246.875,0.87496185
-24.502617801047123,251.875,0.87059975
-24.502617801047123,256.875,0.8422127
-24.502617801047123,261.875,0.7998543
-24.502617801047123,266.875,0.75834846
-24.502617801047123,271.875,0.75086784
-24.502617801047123,276.875,0.8398094
-24.502617801047123,281.875,1.094347
-24.502617801047123,286.875,1.4355316
-24.502617801047123,291.875,1.9488335
-24.502617801047123,296.875,1.5649014
-24.502617801047123,301.875,1.4678936
-24.502617801047123,306.875,1.5035286
-24.502617801047123,311.875,1.489584
-24.502617801047123,316.875,1.2989559
-24.502617801047123,321.875,1.2332382
-24.502617801047123,326.875,1.1847363
-24.502617801047123,331.875,1.1814098
-24.502617801047123,336.875,1.2022591
-24.502617801047123,341.875,1.2111549
-24.502617801047123,346.875,1.1864262
-24.502617801047123,351.875,1.1463394
-24.502617801047123,356.875,1.0940571
-20.732984293193716,1.875,1.0578995
-20.732984293193716,6.875,1.0845108
-20.732984293193716,11.875,1.30933
-20.732984293193716,16.875,2.1075401
-20.732984293193716,21.875,2.132782
-20.732984293193716,26.875,1.9867477
-20.732984293193716,31.875,1.7451363
-20.732984293193716,36.875,1.3747807
-20.732984293193716,41.875,1.3649158
-20.732984293193716,46.875,1.3795776
-20.732984293193716,51.875,1.2319126
-20.732984293193716,56.875,1.1864414
-20.732984293193716,61.875,1.1215954
-20.732984293193716,66.875,1.0611916
-20.732984293193716,71.875,1.0335541
-20.732984293193716,76.875,1.0240154
-20.732984293193716,81.875,1.0248585
-20.732984293193716,86.875,1.021492
-20.732984293193716,91.875,0.9915962
-20.732984293193716,96.875,0.9360409
-20.732984293193716,101.875,0.89154243
-20.732984293193716,106.875,0.9087467
-20.732984293193716,111.875,0.99477196
-20.732984293193716,116.875,1.458498
-20.732984293193716,121.875,1.8386574
-20.732984293193716,126.875,1.9513454
-20.732984293193716,131.875,1.8123932
-20.732984293193716,136.875,1.7082348
-20.732984293193716,141.875,1.7114029
-20.732984293193716,146.875,1.5779686
-20.732984293193716,151.875,1.1959801
-20.732984293193716,156.875,1.1623058
-20.732984293193716,161.875,1.1804047
-20.732984293193716,166.875,1.1641064
-20.732984293193716,171.875,1.0965099
-20.732984293193716,176.875,1.033493
-20.732984293193716,181.875,0.9971733
-20.732984293193716,186.875,0.9961319
-20.732984293193716,191.875,1.0031223
-20.732984293193716,196.875,1.0119133
-20.732984293193716,201.875,1.0221252
-20.732984293193716,206.875,1.0362587
-20.732984293193716,211.875,1.036396
-20.732984293193716,216.875,1.022934
-20.732984293193716,221.875,1.0149422
-20.732984293193716,226.875,1.0058174
-20.732984293193716,231.875,0.9986572
-20.732984293193716,236.875,0.9799862
-20.732984293193716,241.875,0.9524708
-20.732984293193716,246.875,0.9210167
-20.732984293193716,251.875,0.8955345
-20.732984293193716,256.875,0.88378906
-20.732984293193716,261.875,0.8822098
-20.732984293193716,266.875,0.90065575
-20.732984293193716,271.875,0.9640198
-20.732984293193716,276.875,1.1046658
-20.732984293193716,281.875,1.3053532
-20.732984293193716,286.875,1.4799118
-20.732984293193716,291.875,2.0065727
-20.732984293193716,296.875,1.7471638
-20.732984293193716,301.875,1.7713356
-20.732984293193716,306.875,1.6398678
-20.732984293193716,311.875,1.7785473
-20.732984293193716,316.875,1.6374454
-20.732984293193716,321.875,1.3276672
-20.732984293193716,326.875,1.2798615
-20.732984293193716,331.875,1.279974
-20.732984293193716,336.875,1.2693119
-20.732984293193716,341.875,1.2380314
-20.732984293193716,346.875,1.199852
-20.732984293193716,351.875,1.1561661
-20.732984293193716,356.875,1.1007557
-16.963350785340317,1.875,1.1851101
-16.963350785340317,6.875,1.3058224
-16.963350785340317,11.875,1.6597309
-16.963350785340317,16.875,2.1203594
-16.963350785340317,21.875,2.0324001
-16.963350785340317,26.875,1.8883018
-16.963350785340317,31.875,1.7904625
-16.963350785340317,36.875,1.6036816
-16.963350785340317,41.875,1.2871304
-16.963350785340317,46.875,1.3906479
-16.963350785340317,51.875,1.1507607
-16.963350785340317,56.875,1.089674
-16.963350785340317,61.875,1.0426483
-16.963350785340317,66.875,1.014677
-16.963350785340317,71.875,1.0183926
-16.963350785340317,76.875,1.0273838
-16.963350785340317,81.875,1.0310802
-16.963350785340317,86.875,1.020916
-16.963350785340317,91.875,0.9870224
-16.963350785340317,96.875,0.96050644
-16.963350785340317,101.875,0.9582119
-16.963350785340317,106.875,1.0010319
-16.963350785340317,111.875,1.04702
-16.963350785340317,116.875,1.1269016
-16.963350785340317,121.875,1.3775082
-16.963350785340317,126.875,1.7569942
-16.963350785340317,131.875,1.698513
-16.963350785340317,136.875,1.5741272
-16.963350785340317,141.875,1.5569267
-16.963350785340317,146.875,1.2208214
-16.963350785340317,151.875,1.0843468
-16.963350785340317,156.875,1.1025085
-16.963350785340317,161.875,1.0892334
-16.963350785340317,166.875,1.0631943
-16.963350785340317,171.875,1.0235214
-16.963350785340317,176.875,1.0103588
-16.963350785340317,181.875,1.0010643
-16.963350785340317,186.875,1.0339546
-16.963350785340317,191.875,1.072403
-16.963350785340317,196.875,1.1234837
-16.963350785340317,201.875,1.1795712
-16.963350785340317,206.875,1.225254
-16.963350785340317,211.875,1.2523651
-16.963350785340317,216.875,1.256422
-16.963350785340317,221.875,1.2414169
-16.963350785340317,226.875,1.2134514
-16.963350785340317,231.875,1.1735802
-16.963350785340317,236.875,1.1230869
-16.963350785340317,241.875,1.0691147
-16.963350785340317,246.875,1.0383167
-16.963350785340317,251.875,1.0484142
-16.963350785340317,256.875,1.0858154
-16.963350785340317,261.875,1.1335983
-16.963350785340317,266.875,1.188921
-16.963350785340317,271.875,1.2666016
-16.963350785340317,276.875,1.3659744
-16.963350785340317,281.875,1.4599361
-16.963350785340317,286.875,1.6793175
-16.963350785340317,291.875,1.8537388
-16.963350785340317,296.875,1.9863834
-16.963350785340317,301.875,1.9273682
-16.963350785340317,306.875,1.6711025
-16.963350785340317,311.875,1.763998
-16.963350785340317,316.875,1.6979446
-16.963350785340317,321.875,1.4301453
-16.963350785340317,326.875,1.3220234
-16.963350785340317,331.875,1.3059864
-16.963350785340317,336.875,1.2746792
-16.963350785340317,341.875,1.2442303
-16.963350785340317,346.875,1.2229309
-16.963350785340317,351.875,1.1966324
-16.963350785340317,356.875,1.1717739
-13.193717277486911,1.875,1.3558807
-13.193717277486911,6.875,1.4655704
-13.193717277486911,11.875,1.6337242
-13.193717277486911,16.875,1.3010788
-13.193717277486911,21.875,1.7774792
-13.193717277486911,26.875,1.8523407
-13.193717277486911,31.875,1.8826656
-13.193717277486911,36.875,1.793148
-13.193717277486911,41.875,1.3150158
-13.193717277486911,46.875,1.2711163
-13.193717277486911,51.875,1.097496
-13.193717277486911,56.875,1.0495148
-13.193717277486911,61.875,1.0397568
-13.193717277486911,66.875,1.0388241
-13.193717277486911,71.875,1.0425129
-13.193717277486911,76.875,1.0422401
-13.193717277486911,81.875,1.0351276
-13.193717277486911,86.875,1.0306892
-13.193717277486911,91.875,1.0272179
-13.193717277486911,96.875,1.0315228
-13.193717277486911,101.875,1.0411568
-13.193717277486911,106.875,1.0641937
-13.193717277486911,111.875,1.0764751
-13.193717277486911,116.875,1.1083336
-13.193717277486911,121.875,1.1661072
-13.193717277486911,126.875,1.2775364
-13.193717277486911,131.875,1.4500103
-13.193717277486911,136.875,1.2476082
-13.193717277486911,141.875,1.2097359
-13.193717277486911,146.875,1.039526
-13.193717277486911,151.875,1.0631409
-13.193717277486911,156.875,1.070818
-13.193717277486911,161.875,1.0490723
-13.193717277486911,166.875,1.0153084
-13.193717277486911,171.875,1.0110149
-13.193717277486911,176.875,1.0303955
-13.193717277486911,181.875,1.0644302
-13.193717277486911,186.875,1.1150799
-13.193717277486911,191.875,1.1707993
-13.193717277486911,196.875,1.2332783
-13.193717277486911,201.875,1.29393
-13.193717277486911,206.875,1.3365479
-13.193717277486911,211.875,1.3587685
-13.193717277486911,216.875,1.3587189
-13.193717277486911,221.875,1.3452091
-13.193717277486911,226.875,1.3128853
-13.193717277486911,231.875,1.2739391
-13.193717277486911,236.875,1.2294579
-13.193717277486911,241.875,1.1946812
-13.193717277486911,246.875,1.183712
-13.193717277486911,251.875,1.1977901
-13.193717277486911,256.875,1.2493591
-13.193717277486911,261.875,1.3314075
-13.193717277486911,266.875,1.4167976
-13.193717277486911,271.875,1.4886818
-13.193717277486911,276.875,1.5198841
-13.193717277486911,281.875,1.5993061
-13.193717277486911,286.875,1.7081547
-13.193717277486911,291.875,1.9200039
-13.193717277486911,296.875,2.0740643
-13.193717277486911,301.875,1.6538486
-13.193717277486911,306.875,1.5782948
-13.193717277486911,311.875,1.5199184
-13.193717277486911,316.875,1.6531029
-13.193717277486911,321.875,1.4320717
-13.193717277486911,326.875,1.3057194
-13.193717277486911,331.875,1.2761021
-13.193717277486911,336.875,1.261198
-13.193717277486911,341.875,1.2626076
-13.193717277486911,346.875,1.2788773
-13.193717277486911,351.875,1.2916031
-13.193717277486911,356.875,1.3102474
-9.424083769633508,1.875,1.4651165
-9.424083769633508,6.875,1.5295506
-9.424083769633508,11.875,1.5956192
-9.424083769633508,16.875,1.3668823
-9.424083769633508,21.875,1.6061172
-9.424083769633508,26.875,1.6292343
-9.424083769633508,31.875,1.691412
-9.424083769633508,36.875,1.7414341
-9.424083769633508,41.875,1.212738
-9.424083769633508,46.875,1.1233311
-9.424083769633508,51.875,1.0998096
-9.424083769633508,56.875,1.0886326
-9.424083769633508,61.875,1.0825901
-9.424083769633508,66.875,1.0799026
-9.424083769633508,71.875,1.089819
-9.424083769633508,76.875,1.0985603
-9.424083769633508,81.875,1.0916214
-9.424083769633508,86.875,1.0921459
-9.424083769633508,91.875,1.0938339
-9.424083769633508,96.875,1.0855808
-9.424083769633508,101.875,1.0813236
-9.424083769633508,106.875,1.0902214
-9.424083769633508,111.875,1.1289425
-9.424083769633508,116.875,1.1535282
-9.424083769633508,121.875,1.1473503
-9.424083769633508,126.875,1.1263924
-9.424083769633508,131.875,1.1016102
-9.424083769633508,136.875,1.1185837
-9.424083769633508,141.875,1.1341534
-9.424083769633508,146.875,1.0958786
-9.424083769633508,151.875,1.0933208
-9.424083769633508,156.875,1.1094666
-9.424083769633508,161.875,1.0919247
-9.424083769633508,166.875,1.08144
-9.424083769633508,171.875,1.0888042
-9.424083769633508,176.875,1.1170902
-9.424083769633508,181.875,1.1638012
-9.424083769633508,186.875,1.214819
-9.424083769633508,191.875,1.2527542
-9.424083769633508,196.875,1.2940407
-9.424083769633508,201.875,1.3329792
-9.424083769633508,206.875,1.3589268
-9.424083769633508,211.875,1.3657551
-9.424083769633508,216.875,1.3558064
-9.424083769633508,221.875,1.3367615
-9.424083769633508,226.875,1.308342
-9.424083769633508,231.875,1.2861404
-9.424083769633508,236.875,1.2740498
-9.424083769633508,241.875,1.266756
-9.424083769633508,246.875,1.2739639
-9.424083769633508,251.875,1.3030281
-9.424083769633508,256.875,1.3620529
-9.424083769633508,261.875,1.4482327
-9.424083769633508,266.875,1.5402775
-9.424083769633508,271.875,1.5908566
-9.424083769633508,276.875,1.5967846
-9.424083769633508,281.875,1.6578331
-9.424083769633508,286.875,1.522358
-9.424083769633508,291.875,1.551857
-9.424083769633508,296.875,1.5258694
-9.424083769633508,301.875,1.4906998
-9.424083769633508,306.875,1.464735
-9.424083769633508,311.875,1.5292816
-9.424083769633508,316.875,1.4318161
-9.424083769633508,321.875,1.4216843
-9.424083769633508,326.875,1.3002071
-9.424083769633508,331.875,1.2889023
-9.424083769633508,336.875,1.3105392
-9.424083769633508,341.875,1.3419266
-9.424083769633508,346.875,1.3757133
-9.424083769633508,351.875,1.4100399
-9.424083769633508,356.875,1.439251
-5.654450261780106,1.875,1.4934292
-5.654450261780106,6.875,1.529316
-5.654450261780106,11.875,1.5070992
-5.654450261780106,16.875,1.4795628
-5.654450261780106,21.875,1.4527874
-5.654450261780106,26.875,1.6039276
-5.654450261780106,31.875,1.7622013
-5.654450261780106,36.875,1.6108799
-5.654450261780106,41.875,1.197876
-5.654450261780106,46.875,1.1899357
-5.654450261780106,51.875,1.1830082
-5.654450261780106,56.875,1.1776218
-5.654450261780106,61.875,1.1597443
-5.654450261780106,66.875,1.14538
-5.654450261780106,71.875,1.1421013
-5.654450261780106,76.875,1.1477833
-5.654450261780106,81.875,1.140171
-5.654450261780106,86.875,1.129673
-5.654450261780106,91.875,1.1185722
-5.654450261780106,96.875,1.1083469
-5.654450261780106,101.875,1.1180573
-5.654450261780106,106.875,1.2194958
-5.654450261780106,111.875,1.1944389
-5.654450261780106,116.875,1.1027966
-5.654450261780106,121.875,1.0720787
-5.654450261780106,126.875,1.0532112
-5.654450261780106,131.875,1.0714531
-5.654450261780106,136.875,1.1036377
-5.654450261780106,141.875,1.1390896
-5.654450261780106,146.875,1.123476
-5.654450261780106,151.875,1.0918274
-5.654450261780106,156.875,1.1497917
-5.654450261780106,161.875,1.1682053
-5.654450261780106,166.875,1.1963787
-5.654450261780106,171.875,1.2204437
-5.654450261780106,176.875,1.2551136
-5.654450261780106,181.875,1.298296
-5.654450261780106,186.875,1.3380299
-5.654450261780106,191.875,1.364891
-5.654450261780106,196.875,1.3888206
-5.654450261780106,201.875,1.4040089
-5.654450261780106,206.875,1.4092369
-5.654450261780106,211.875,1.4001179
-5.654450261780106,216.875,1.387928
-5.654450261780106,221.875,1.3711605
-5.654450261780106,226.875,1.3565159
-5.654450261780106,231.875,1.3508167
-5.654450261780106,236.875,1.3611965
-5.654450261780106,241.875,1.3855686
-5.654450261780106,246.875,1.422657
-5.654450261780106,251.875,1.462698
-5.654450261780106,256.875,1.5097847
-5.654450261780106,261.875,1.5642414
-5.654450261780106,266.875,1.6078682
-5.654450261780106,271.875,1.644928
-5.654450261780106,276.875,1.7033806
-5.654450261780106,281.875,1.5397816
-5.654450261780106,286.875,1.3580971
-5.654450261780106,291.875,1.3644581
-5.654450261780106,296.875,1.3596916
-5.654450261780106,301.875,1.4109554
-5.654450261780106,306.875,1.405508
-5.654450261780106,311.875,1.3996487
-5.654450261780106,316.875,1.2861252
-5.654450261780106,321.875,1.2326031
-5.654450261780106,326.875,1.3057079
-5.654450261780106,331.875,1.3474274
-5.654450261780106,336.875,1.3910103
-5.654450261780106,341.875,1.4367142
-5.654450261780106,346.875,1.4728069
-5.654450261780106,351.875,1.4875469
-5.654450261780106,356.875,1.4912014
-1.8848167539267031,1.875,1.503706
-1.8848167539267031,6.875,1.540659
-1.8848167539267031,11.875,1.4264603
-1.8848167539267031,16.875,1.4033108
-1.8848167539267031,21.875,1.3379173
-1.8848167539267031,26.875,1.4387131
-1.8848167539267031,31.875,1.6342278
-1.8848167539267031,36.875,1.6381836
-1.8848167539267031,41.875,1.2517605
-1.8848167539267031,46.875,1.2159767
-1.8848167539267031,51.875,1.2287636
-1.8848167539267031,56.875,1.2248554
-1.8848167539267031,61.875,1.2077274
-1.8848167539267031,66.875,1.1942558
-1.8848167539267031,71.875,1.1737537
-1.8848167539267031,76.875,1.1607685
-1.8848167539267031,81.875,1.1502457
-1.8848167539267031,86.875,1.1501961
-1.8848167539267031,91.875,1.1438046
-1.8848167539267031,96.875,1.1171093
-1.8848167539267031,101.875,1.1732292
-1.8848167539267031,106.875,1.1791592
-1.8848167539267031,111.875,1.1954803
-1.8848167539267031,116.875,1.1902752
-1.8848167539267031,121.875,1.1191521
-1.8848167539267031,126.875,1.044693
-1.8848167539267031,131.875,1.0755405
-1.8848167539267031,136.875,1.1249638
-1.8848167539267031,141.875,1.1136322
-1.8848167539267031,146.875,1.1491413
-1.8848167539267031,151.875,1.1842709
-1.8848167539267031,156.875,1.2413521
-1.8848167539267031,161.875,1.2888222
-1.8848167539267031,166.875,1.3360806
-1.8848167539267031,171.875,1.3746796
-1.8848167539267031,176.875,1.4161358
-1.8848167539267031,181.875,1.4505596
-1.8848167539267031,186.875,1.4815998
-1.8848167539267031,191.875,1.499363
-1.8848167539267031,196.875,1.5078068
-1.8848167539267031,201.875,1.5042744
-1.8848167539267031,206.875,1.4874973
-1.8848167539267031,211.875,1.4717255
-1.8848167539267031,216.875,1.4499016
-1.8848167539267031,221.875,1.431282
-1.8848167539267031,226.875,1.4198494
-1.8848167539267031,231.875,1.4205341
-1.8848167539267031,236.875,1.4227791
-1.8848167539267031,241.875,1.4434757
-1.8848167539267031,246.875,1.4799995
-1.8848167539267031,251.875,1.5259304
-1.8848167539267031,256.875,1.5834198
-1.8848167539267031,261.875,1.6238499
-1.8848167539267031,266.875,1.6211987
-1.8848167539267031,271.875,1.6458225
-1.8848167539267031,276.875,1.7018833
-1.8848167539267031,281.875,1.4529343
-1.8848167539267031,286.875,1.3097553
-1.8848167539267031,291.875,1.3660946
-1.8848167539267031,296.875,1.3696728
-1.8848167539267031,301.875,1.409769
-1.8848167539267031,306.875,1.4224491
-1.8848167539267031,311.875,1.2552681
-1.8848167539267031,316.875,1.258995
-1.8848167539267031,321.875,1.2923183
-1.8848167539267031,326.875,1.3538952
-1.8848167539267031,331.875,1.4051437
-1.8848167539267031,336.875,1.4526062
-1.8848167539267031,341.875,1.4908428
-1.8848167539267031,346.875,1.5131931
-1.8848167539267031,351.875,1.5116196
-1.8848167539267031,356.875,1.4975471
1.8848167539266996,1.875,1.4947853
1.8848167539266996,6.875,1.4801064
1.8848167539266996,11.875,1.425518
1.8848167539266996,16.875,1.3916454
1.8848167539266996,21.875,1.3787346
1.8848167539266996,26.875,1.434206
1.8848167539266996,31.875,1.6051769
1.8848167539266996,36.875,1.6236153
1.8848167539266996,41.875,1.3615055
1.8848167539266996,46.875,1.2296486
1.8848167539266996,51.875,1.2305183
1.8848167539266996,56.875,1.2196293
1.8848167539266996,61.875,1.2011986
1.8848167539266996,66.875,1.1975975
1.8848167539266996,71.875,1.1895428
1.8848167539266996,76.875,1.1735153
1.8848167539266996,81.875,1.1681576
1.8848167539266996,86.875,1.166193
1.8848167539266996,91.875,1.1660748
1.8848167539266996,96.875,1.1565475
1.8848167539266996,101.875,1.206068
1.8848167539266996,106.875,1.1648846
1.8848167539266996,111.875,1.1852379
1.8848167539266996,116.875,1.1788425
1.8848167539266996,121.875,1.1138
1.8848167539266996,126.875,1.0498352
1.8848167539266996,131.875,1.1022949
1.8848167539266996,136.875,1.1260929
1.8848167539266996,141.875,1.1407852
1.8848167539266996,146.875,1.1656551
1.8848167539266996,151.875,1.1977348
1.8848167539266996,156.875,1.2268944
1.8848167539266996,161.875,1.2649078
1.8848167539266996,166.875,1.2987442
1.8848167539266996,171.875,1.3319473
1.8848167539266996,176.875,1.3642445
1.8848167539266996,181.875,1.3949203
1.8848167539266996,186.875,1.422924
1.8848167539266996,191.875,1.4440994
1.8848167539266996,196.875,1.446312
1.8848167539266996,201.875,1.4527035
1.8848167539266996,206.875,1.4496765
1.8848167539266996,211.875,1.4388027
1.8848167539266996,216.875,1.4244289
1.8848167539266996,221.875,1.4266071
1.8848167539266996,226.875,1.419344
1.8848167539266996,231.875,1.4211903
1.8848167539266996,236.875,1.4310226
1.8848167539266996,241.875,1.4603024
1.8848167539266996,246.875,1.4906998
1.8848167539266996,251.875,1.522047
1.8848167539266996,256.875,1.5484715
1.8848167539266996,261.875,1.5831985
1.8848167539266996,266.875,1.5908012
1.8848167539266996,271.875,1.5700207
1.8848167539266996,276.875,1.524271
1.8848167539266996,281.875,1.4089355
1.8848167539266996,286.875,1.3864498
1.8848167539266996,291.875,1.3426132
1.8848167539266996,296.875,1.4358311
1.8848167539266996,301.875,1.4704094
1.8848167539266996,306.875,1.6021328
1.8848167539266996,311.875,1.2258148
1.8848167539266996,316.875,1.229763
1.8848167539266996,321.875,1.2826195
1.8848167539266996,326.875,1.3591385
1.8848167539266996,331.875,1.4235783
1.8848167539266996,336.875,1.4680195
1.8848167539266996,341.875,1.4895077
1.8848167539266996,346.875,1.4919987
1.8848167539266996,351.875,1.4864922
1.8848167539266996,356.875,1.4831963
5.654450261780106,1.875,1.4958706
5.654450261780106,6.875,1.4754028
5.654450261780106,11.875,1.5329514
5.654450261780106,16.875,1.5861721
5.654450261780106,21.875,1.572443
5.654450261780106,26.875,1.6604519
5.654450261780106,31.875,1.6083527
5.654450261780106,36.875,1.4973907
5.654450261780106,41.875,1.4955807
5.654450261780106,46.875,1.3950844
5.654450261780106,51.875,1.2828293
5.654450261780106,56.875,1.2604809
5.654450261780106,61.875,1.2338676
5.654450261780106,66.875,1.2215137
5.654450261780106,71.875,1.2105885
5.654450261780106,76.875,1.1900578
5.654450261780106,81.875,1.1702137
5.654450261780106,86.875,1.1701698
5.654450261780106,91.875,1.174015
5.654450261780106,96.875,1.1723499
5.654450261780106,101.875,1.1877766
5.654450261780106,106.875,1.124649
5.654450261780106,111.875,1.1237164
5.654450261780106,116.875,1.1346989
5.654450261780106,121.875,1.1012325
5.654450261780106,126.875,1.1125565
5.654450261780106,131.875,1.1274071
5.654450261780106,136.875,1.1083736
5.654450261780106,141.875,1.1097164
5.654450261780106,146.875,1.1091862
5.654450261780106,151.875,1.1201191
5.654450261780106,156.875,1.1285591
5.654450261780106,161.875,1.1392021
5.654450261780106,166.875,1.1469383
5.654450261780106,171.875,1.1688347
5.654450261780106,176.875,1.1845303
5.654450261780106,181.875,1.2121391
5.654450261780106,186.875,1.247488
5.654450261780106,191.875,1.2783127
5.654450261780106,196.875,1.3035164
5.654450261780106,201.875,1.321804
5.654450261780106,206.875,1.3277531
5.654450261780106,211.875,1.3250084
5.654450261780106,216.875,1.3186321
5.654450261780106,221.875,1.3171654
5.654450261780106,226.875,1.3261452
5.654450261780106,231.875,1.3377247
5.654450261780106,236.875,1.3588848
5.654450261780106,241.875,1.3829231
5.654450261780106,246.875,1.4008389
5.654450261780106,251.875,1.4166927
5.654450261780106,256.875,1.4248276
5.654450261780106,261.875,1.4292202
5.654450261780106,266.875,1.4170666
5.654450261780106,271.875,1.3644848
5.654450261780106,276.875,1.3245487
5.654450261780106,281.875,1.3315411
5.654450261780106,286.875,1.5302811
5.654450261780106,291.875,1.5371189
5.654450261780106,296.875,1.7118797
5.654450261780106,301.875,1.4073963
5.654450261780106,306.875,1.3255615
5.654450261780106,311.875,1.1068745
5.654450261780106,316.875,1.1034946
5.654450261780106,321.875,1.1308174
5.654450261780106,326.875,1.1799946
5.654450261780106,331.875,1.2443371
5.654450261780106,336.875,1.3123817
5.654450261780106,341.875,1.3548298
5.654450261780106,346.875,1.3623848
5.654450261780106,351.875,1.4925556
5.654450261780106,356.875,1.5911808
9.424083769633505,1.875,1.7213039
9.424083769633505,6.875,1.7598648
9.424083769633505,11.875,1.780695
9.424083769633505,16.875,1.9246235
9.424083769633505,21.875,1.8120003
9.424083769633505,26.875,1.8843765
9.424083769633505,31.875,1.7291622
9.424083769633505,36.875,1.648859
9.424083769633505,41.875,1.7693424
9.424083769633505,46.875,1.5853786
9.424083769633505,51.875,1.3694439
9.424083769633505,56.875,1.3142147
9.424083769633505,61.875,1.2591515
9.424083769633505,66.875,1.237072
9.424083769633505,71.875,1.2259922
9.424083769633505,76.875,1.2309475
9.424083769633505,81.875,1.1897945
9.424083769633505,86.875,1.1821537
9.424083769633505,91.875,1.1905327
9.424083769633505,96.875,1.2152576
9.424083769633505,101.875,1.1998272
9.424083769633505,106.875,1.1678314
9.424083769633505,111.875,1.0827179
9.424083769633505,116.875,1.1032085
9.424083769633505,121.875,1.1360779
9.424083769633505,126.875,1.1399956
9.424083769633505,131.875,1.1306496
9.424083769633505,136.875,1.1089497
9.424083769633505,141.875,1.0959263
9.424083769633505,146.875,1.0818787
9.424083769633505,151.875,1.0698452
9.424083769633505,156.875,1.0563259
9.424083769633505,161.875,1.0605278
9.424083769633505,166.875,1.0679226
9.424083769633505,171.875,1.0875111
9.424083769633505,176.875,1.1075745
9.424083769633505,181.875,1.1292496
9.424083769633505,186.875,1.1527557
9.424083769633505,191.875,1.177597
9.424083769633505,196.875,1.204382
9.424083769633505,201.875,1.2273312
9.424083769633505,206.875,1.2331982
9.424083769633505,211.875,1.2302303
9.424083769633505,216.875,1.2217255
9.424083769633505,221.875,1.208744
9.424083769633505,226.875,1.2068405
9.424083769633505,231.875,1.2174778
9.424083769633505,236.875,1.2383385
9.424083769633505,241.875,1.2788887
9.424083769633505,246.875,1.3177929
9.424083769633505,251.875,1.3521156
9.424083769633505,256.875,1.3705902
9.424083769633505,261.875,1.3604164
9.424083769633505,266.875,1.3280907
9.424083769633505,271.875,1.3351116
9.424083769633505,276.875,1.2686882
9.424083769633505,281.875,1.292036
9.424083769633505,286.875,1.7076168
9.424083769633505,291.875,1.6940861
9.424083769633505,296.875,1.5737228
9.424083769633505,301.875,1.0772953
9.424083769633505,306.875,1.045042
9.424083769633505,311.875,0.9970131
9.424083769633505,316.875,0.99279594
9.424083769633505,321.875,1.0180473
9.424083769633505,326.875,1.0807991
9.424083769633505,331.875,1.1606388
9.424083769633505,336.875,1.2437344
9.424083769633505,341.875,1.2990952
9.424083769633505,346.875,1.4674835
9.424083769633505,351.875,1.7395535
9.424083769633505,356.875,1.8070774
13.193717277486911,1.875,2.0038662
13.193717277486911,6.875,1.9288712
13.193717277486911,11.875,1.8979607
13.193717277486911,16.875,2.04257
13.193717277486911,21.875,2.084587
13.193717277486911,26.875,2.018879
13.193717277486911,31.875,1.9654331
13.193717277486911,36.875,1.9898605
13.193717277486911,41.875,1.8192348
13.193717277486911,46.875,1.5200081
13.193717277486911,51.875,1.3591232
13.193717277486911,56.875,1.3256474
13.193717277486911,61.875,1.2729511
13.193717277486911,66.875,1.2249737
13.193717277486911,71.875,1.2161407
13.193717277486911,76.875,1.3103848
13.193717277486911,81.875,1.190012
13.193717277486911,86.875,1.1845036
13.193717277486911,91.875,1.1980057
13.193717277486911,96.875,1.2388687
13.193717277486911,101.875,1.3925343
13.193717277486911,106.875,1.3243942
13.193717277486911,111.875,1.1166267
13.193717277486911,116.875,1.1395035
13.193717277486911,121.875,1.1686687
13.193717277486911,126.875,1.1499519
13.193717277486911,131.875,1.141182
13.193717277486911,136.875,1.1288815
13.193717277486911,141.875,1.1180687
13.193717277486911,146.875,1.1016331
13.193717277486911,151.875,1.0788193
13.193717277486911,156.875,1.0592422
13.193717277486911,161.875,1.0541592
13.193717277486911,166.875,1.0580654
13.193717277486911,171.875,1.0622654
13.193717277486911,176.875,1.0675449
13.193717277486911,181.875,1.0815125
13.193717277486911,186.875,1.1143761
13.193717277486911,191.875,1.1551266
13.193717277486911,196.875,1.2013073
13.193717277486911,201.875,1.2406406
13.193717277486911,206.875,1.2737541
13.193717277486911,211.875,1.3010578
13.193717277486911,216.875,1.3067989
13.193717277486911,221.875,1.2843742
13.193717277486911,226.875,1.2492123
13.193717277486911,231.875,1.2069321
13.193717277486911,236.875,1.1785774
13.193717277486911,241.875,1.1894531
13.193717277486911,246.875,1.2326698
13.193717277486911,251.875,1.2973328
13.193717277486911,256.875,1.3576965
13.193717277486911,261.875,1.4055443
13.193717277486911,266.875,1.4184532
13.193717277486911,271.875,1.7185421
13.193717277486911,276.875,1.1774921
13.193717277486911,281.875,1.0405273
13.193717277486911,286.875,1.0569935
13.193717277486911,291.875,1.0280609
13.193717277486911,296.875,1.0038071
13.193717277486911,301.875,0.98257065
13.193717277486911,306.875,0.9472141
13.193717277486911,311.875,0.8979244
13.193717277486911,316.875,0.8711014
13.193717277486911,321.875,0.87773323
13.193717277486911,326.875,0.9363861
13.193717277486911,331.875,1.0208492
13.193717277486911,336.875,1.1041794
13.193717277486911,341.875,1.2833824
13.193717277486911,346.875,1.8340054
13.193717277486911,351.875,1.9624157
13.193717277486911,356.875,2.0119839
16.963350785340314,1.875,1.8340149
16.963350785340314,6.875,1.7858906
16.963350785340314,11.875,1.7915039
16.963350785340314,16.875,1.8274975
16.963350785340314,21.875,1.8559589
16.963350785340314,26.875,1.8866787
16.963350785340314,31.875,1.9669685
16.963350785340314,36.875,1.8890057
16.963350785340314,41.875,1.6748886
16.963350785340314,46.875,2.0076866
16.963350785340314,51.875,1.7196503
16.963350785340314,56.875,1.3718452
16.963350785340314,61.875,1.2903786
16.963350785340314,66.875,1.234848
16.963350785340314,71.875,1.2549381
16.963350785340314,76.875,1.5032063
16.963350785340314,81.875,1.2857819
16.963350785340314,86.875,1.1745415
16.963350785340314,91.875,1.228075
16.963350785340314,96.875,1.4064999
16.963350785340314,101.875,1.5832195
16.963350785340314,106.875,1.2678204
16.963350785340314,111.875,1.1518078
16.963350785340314,116.875,1.1740627
16.963350785340314,121.875,1.211298
16.963350785340314,126.875,1.1835308
16.963350785340314,131.875,1.1784668
16.963350785340314,136.875,1.1653461
16.963350785340314,141.875,1.1515255
16.963350785340314,146.875,1.1439476
16.963350785340314,151.875,1.1236877
16.963350785340314,156.875,1.0930805
16.963350785340314,161.875,1.0669365
16.963350785340314,166.875,1.0410748
16.963350785340314,171.875,1.013319
16.963350785340314,176.875,0.9956684
16.963350785340314,181.875,0.9926224
16.963350785340314,186.875,1.0221233
16.963350785340314,191.875,1.0775356
16.963350785340314,196.875,1.1556396
16.963350785340314,201.875,1.2441616
16.963350785340314,206.875,1.3175468
16.963350785340314,211.875,1.3897266
16.963350785340314,216.875,1.4450989
16.963350785340314,221.875,1.4599667
16.963350785340314,226.875,1.4304485
16.963350785340314,231.875,1.3474636
16.963350785340314,236.875,1.2210255
16.963350785340314,241.875,1.1139088
16.963350785340314,246.875,1.0980282
16.963350785340314,251.875,1.1622181
16.963350785340314,256.875,1.3501568
16.963350785340314,261.875,1.641037
16.963350785340314,266.875,1.7457924
16.963350785340314,271.875,1.5126362
16.963350785340314,276.875,1.1572838
16.963350785340314,281.875,1.1530495
16.963350785340314,286.875,1.1571121
16.963350785340314,291.875,1.076973
16.963350785340314,296.875,0.98908234
16.963350785340314,301.875,0.9478569
16.963350785340314,306.875,0.90885544
16.963350785340314,311.875,0.86310196
16.963350785340314,316.875,0.8057499
16.963350785340314,321.875,0.76084137
16.963350785340314,326.875,0.759779
16.963350785340314,331.875,0.8143635
16.963350785340314,336.875,0.90860176
16.963350785340314,341.875,1.1303749
16.963350785340314,346.875,1.8168373
16.963350785340314,351.875,1.8769913
16.963350785340314,356.875,1.8761654
20.732984293193716,1.875,1.6071396
20.732984293193716,6.875,1.5811234
20.732984293193716,11.875,1.6319485
20.732984293193716,16.875,1.6350117
20.732984293193716,21.875,1.6478176
20.732984293193716,26.875,1.7272682
20.732984293193716,31.875,1.8330784
20.732984293193716,36.875,1.5884514
20.732984293193716,41.875,1.9655647
20.732984293193716,46.875,2.0603085
20.732984293193716,51.875,2.0514698
20.732984293193716,56.875,1.7446365
20.732984293193716,61.875,1.2246628
20.732984293193716,66.875,1.2192478
20.732984293193716,71.875,1.4833908
20.732984293193716,76.875,1.7627068
20.732984293193716,81.875,1.6808453
20.732984293193716,86.875,1.3388977
20.732984293193716,91.875,1.3213902
20.732984293193716,96.875,1.4655743
20.732984293193716,101.875,1.4307194
20.732984293193716,106.875,1.1571388
20.732984293193716,111.875,1.1175404
20.732984293193716,116.875,1.1511154
20.732984293193716,121.875,1.1601124
20.732984293193716,126.875,1.1682644
20.732984293193716,131.875,1.1956139
20.732984293193716,136.875,1.2256832
20.732984293193716,141.875,1.2236137
20.732984293193716,146.875,1.2231178
20.732984293193716,151.875,1.2059174
20.732984293193716,156.875,1.1725254
20.732984293193716,161.875,1.1303825
20.732984293193716,166.875,1.0836525
20.732984293193716,171.875,1.0269852
20.732984293193716,176.875,0.9799652
20.732984293193716,181.875,0.93605804
20.732984293193716,186.875,0.91464806
20.732984293193716,191.875,0.93136597
20.732984293193716,196.875,1.000946
20.732984293193716,201.875,1.1104393
20.732984293193716,206.875,1.2568531
20.732984293193716,211.875,1.3898754
20.732984293193716,216.875,1.495697
20.732984293193716,221.875,1.557888
20.732984293193716,226.875,1.5581608
20.732984293193716,231.875,1.4769402
20.732984293193716,236.875,1.3059158
20.732984293193716,241.875,1.0868263
20.732984293193716,246.875,0.9968529
20.732984293193716,251.875,1.1136322
20.732984293193716,256.875,1.4239655
20.732984293193716,261.875,1.4260635
20.732984293193716,266.875,1.2957077
20.732984293193716,271.875,1.4025707
20.732984293193716,276.875,1.2558098
20.732984293193716,281.875,1.3069439
20.732984293193716,286.875,1.3391972
20.732984293193716,291.875,1.1661873
20.732984293193716,296.875,1.0631294
20.732984293193716,301.875,1.0093842
20.732984293193716,306.875,0.9625683
20.732984293193716,311.875,0.9083214
20.732984293193716,316.875,0.83431816
20.732984293193716,321.875,0.75157356
20.732984293193716,326.875,0.69176674
20.732984293193716,331.875,0.68932915
20.732984293193716,336.875,0.74583435
20.732984293193716,341.875,0.9967251
20.732984293193716,346.875,1.6690884
20.732984293193716,351.875,1.6608582
20.732984293193716,356.875,1.6381397
24.50261780104712,1.875,1.5651035
24.50261780104712,6.875,1.4466896
24.50261780104712,11.875,1.4723663
24.50261780104712,16.875,1.50494
24.50261780104712,21.875,1.5522919
24.50261780104712,26.875,1.6058388
24.50261780104712,31.875,1.7262192
24.50261780104712,36.875,1.5918465
24.50261780104712,41.875,2.064249
24.50261780104712,46.875,2.0122929
24.50261780104712,51.875,1.7843399
24.50261780104712,56.875,1.6401482
24.50261780104712,61.875,1.3739586
24.50261780104712,66.875,1.373045
24.50261780104712,71.875,1.7322044
24.50261780104712,76.875,1.7972584
24.50261780104712,81.875,1.661686
24.50261780104712,86.875,1.3825188
24.50261780104712,91.875,1.3507843
24.50261780104712,96.875,1.481472
24.50261780104712,101.875,1.5161858
24.50261780104712,106.875,1.0866432
24.50261780104712,111.875,0.934515
24.50261780104712,116.875,0.9867916
24.50261780104712,121.875,1.0689297
24.50261780104712,126.875,1.1000347
24.50261780104712,131.875,1.1412487
24.50261780104712,136.875,1.2116432
24.50261780104712,141.875,1.2563572
24.50261780104712,146.875,1.2873783
24.50261780104712,151.875,1.2821484
24.50261780104712,156.875,1.2427349
24.50261780104712,161.875,1.197834
24.50261780104712,166.875,1.1436424
24.50261780104712,171.875,1.0704498
24.50261780104712,176.875,0.99017715
24.50261780104712,181.875,0.92032623
24.50261780104712,186.875,0.8610077
24.50261780104712,191.875,0.83151436
24.50261780104712,196.875,0.8616905
24.50261780104712,201.875,0.95100784
24.50261780104712,206.875,1.115982
24.50261780104712,211.875,1.3101559
24.50261780104712,216.875,1.4698868
24.50261780104712,221.875,1.5666008
24.50261780104712,226.875,1.5726471
24.50261780104712,231.875,1.497242
24.50261780104712,236.875,1.3289433
24.50261780104712,241.875,1.0531254
24.50261780104712,246.875,0.9809685
24.50261780104712,251.875,1.3350849
24.50261780104712,256.875,1.4029808
24.50261780104712,261.875,1.3608685
24.50261780104712,266.875,1.1999378
24.50261780104712,271.875,1.2136002
24.50261780104712,276.875,1.228754
24.50261780104712,281.875,1.231741
24.50261780104712,286.875,1.2687511
24.50261780104712,291.875,1.2563419
24.50261780104712,296.875,1.2038517
24.50261780104712,301.875,1.1462936
24.50261780104712,306.875,1.1044121
24.50261780104712,311.875,1.0533981
24.50261780104712,316.875,0.97341156
24.50261780104712,321.875,0.88072777
24.50261780104712,326.875,0.77791786
24.50261780104712,331.875,0.70513153
24.50261780104712,336.875,0.6965122
24.50261780104712,341.875,0.7572193
24.50261780104712,346.875,1.3970547
24.50261780104712,351.875,1.6269894
24.50261780104712,356.875,1.5804844
28.272251308900522,1.875,1.4829216
28.272251308900522,6.875,1.4233265
28.272251308900522,11.875,1.4125042
28.272251308900522,16.875,1.3650265
28.272251308900522,21.875,1.4839249
28.272251308900522,26.875,1.5131588
28.272251308900522,31.875,1.6314163
28.272251308900522,36.875,1.8675842
28.272251308900522,41.875,1.9672127
28.272251308900522,46.875,1.9236393
28.272251308900522,51.875,1.715805
28.272251308900522,56.875,1.8973312
28.272251308900522,61.875,1.8722095
28.272251308900522,66.875,1.8925781
28.272251308900522,71.875,1.9145012
28.272251308900522,76.875,1.8150482
28.272251308900522,81.875,1.581913
28.272251308900522,86.875,1.7007637
28.272251308900522,91.875,1.6359959
28.272251308900522,96.875,1.6196976
28.272251308900522,101.875,1.3864002
28.272251308900522,106.875,0.9463463
28.272251308900522,111.875,0.75764847
28.272251308900522,116.875,0.78886414
28.272251308900522,121.875,1.052742
28.272251308900522,126.875,1.0923786
28.272251308900522,131.875,1.1170673
28.272251308900522,136.875,1.1479187
28.272251308900522,141.875,1.1964169
28.272251308900522,146.875,1.2505493
28.272251308900522,151.875,1.2855911
28.272251308900522,156.875,1.2851658
28.272251308900522,161.875,1.267107
28.272251308900522,166.875,1.2211838
28.272251308900522,171.875,1.145937
28.272251308900522,176.875,1.0462704
28.272251308900522,181.875,0.9667759
28.272251308900522,186.875,0.8649235
28.272251308900522,191.875,0.78355217
28.272251308900522,196.875,0.75131226
28.272251308900522,201.875,0.7988682
28.272251308900522,206.875,0.93403435
28.272251308900522,211.875,1.1427937
28.272251308900522,216.875,1.3374844
28.272251308900522,221.875,1.4610825
28.272251308900522,226.875,1.5114708
28.272251308900522,231.875,1.4735184
28.272251308900522,236.875,1.3286018
28.272251308900522,241.875,1.0788116
28.272251308900522,246.875,1.2879448
28.272251308900522,251.875,1.4870396
28.272251308900522,256.875,1.4074707
28.272251308900522,261.875,1.1883373
28.272251308900522,266.875,1.1724606
28.272251308900522,271.875,1.2199764
28.272251308900522,276.875,1.1581593
28.272251308900522,281.875,1.2119236
28.272251308900522,286.875,1.2490444
28.272251308900522,291.875,1.2816563
28.272251308900522,296.875,1.2788963
28.272251308900522,301.875,1.2556648
28.272251308900522,306.875,1.2270317
28.272251308900522,311.875,1.2007904
28.272251308900522,316.875,1.1477852
28.272251308900522,321.875,1.0622139
28.272251308900522,326.875,0.9276676
28.272251308900522,331.875,0.79673576
28.272251308900522,336.875,0.72769547
28.272251308900522,341.875,0.68577194
28.272251308900522,346.875,0.8435459
28.272251308900522,351.875,1.622839
28.272251308900522,356.875,1.5768719
32.04188481675393,1.875,1.442213
32.04188481675393,6.875,1.4029999
32.04188481675393,11.875,1.2538338
32.04188481675393,16.875,1.1144085
32.04188481675393,21.875,1.2414093
32.04188481675393,26.875,1.1898422
32.04188481675393,31.875,1.2869606
32.04188481675393,36.875,1.7589207
32.04188481675393,41.875,1.8671188
32.04188481675393,46.875,1.9846096
32.04188481675393,51.875,1.9570351
32.04188481675393,56.875,1.9077129
32.04188481675393,61.875,1.8989391
32.04188481675393,66.875,2.0312958
32.04188481675393,71.875,1.8605671
32.04188481675393,76.875,1.8393478
32.04188481675393,81.875,2.067093
32.04188481675393,86.875,1.9452515
32.04188481675393,91.875,1.9898834
32.04188481675393,96.875,2.1329842
32.04188481675393,101.875,1.7971344
32.04188481675393,106.875,1.2168369
32.04188481675393,111.875,1.2331142
32.04188481675393,116.875,1.228632
32.04188481675393,121.875,1.2745647
32.04188481675393,126.875,1.1716862
32.04188481675393,131.875,1.1813126
32.04188481675393,136.875,1.1726551
32.04188481675393,141.875,1.1553268
32.04188481675393,146.875,1.1509876
32.04188481675393,151.875,1.1731911
32.04188481675393,156.875,1.2165604
32.04188481675393,161.875,1.2314034
32.04188481675393,166.875,1.2188606
32.04188481675393,171.875,1.1800022
32.04188481675393,176.875,1.115757
32.04188481675393,181.875,1.0389118
32.04188481675393,186.875,0.93992805
32.04188481675393,191.875,0.8487778
32.04188481675393,196.875,0.76584625
32.04188481675393,201.875,0.75182724
32.04188481675393,206.875,0.82437897
32.04188481675393,211.875,0.99427605
32.04188481675393,216.875,1.1894684
32.04188481675393,221.875,1.3253345
32.04188481675393,226.875,1.3986206
32.04188481675393,231.875,1.3948479
32.04188481675393,236.875,1.2563648
32.04188481675393,241.875,1.135889
32.04188481675393,246.875,1.4683533
32.04188481675393,251.875,1.5440197
32.04188481675393,256.875,1.342413
32.04188481675393,261.875,1.1109886
32.04188481675393,266.875,1.1854324
32.04188481675393,271.875,0.9942951
32.04188481675393,276.875,1.2409554
32.04188481675393,281.875,1.2934475
32.04188481675393,286.875,1.2523651
32.04188481675393,291.875,1.295414
32.04188481675393,296.875,1.3051682
32.04188481675393,301.875,1.2985153
32.04188481675393,306.875,1.2769814
32.04188481675393,311.875,1.2657032
32.04188481675393,316.875,1.2579575
32.04188481675393,321.875,1.1919765
32.04188481675393,326.875,1.0373192
32.04188481675393,331.875,0.8649769
32.04188481675393,336.875,0.7467842
32.04188481675393,341.875,0.6567402
32.04188481675393,346.875,0.61971664
32.04188481675393,351.875,1.3184662
32.04188481675393,356.875,1.5840073
35.81151832460733,1.875,1.2512188
35.81151832460733,6.875,1.2476673
35.81151832460733,11.875,1.0521145
35.81151832460733,16.875,1.0412045
35.81151832460733,21.875,1.1393719
35.81151832460733,26.875,1.2057495
35.81151832460733,31.875,1.459652
35.81151832460733,36.875,1.8032932
35.81151832460733,41.875,1.9743729
35.81151832460733,46.875,1.9376564
35.81151832460733,51.875,1.7745495
35.81151832460733,56.875,1.81287
35.81151832460733,61.875,1.7557945
35.81151832460733,66.875,1.9685516
35.81151832460733,71.875,2.0469856
35.81151832460733,76.875,2.0377998
35.81151832460733,81.875,1.9296589
35.81151832460733,86.875,1.9591446
35.81151832460733,91.875,1.9553375
35.81151832460733,96.875,2.0098076
35.81151832460733,101.875,1.9056168
35.81151832460733,106.875,1.5176296
35.81151832460733,111.875,1.4940968
35.81151832460733,116.875,1.4984188
35.81151832460733,121.875,1.4223175
35.81151832460733,126.875,1.3620052
35.81151832460733,131.875,1.2730465
35.81151832460733,136.875,1.2056026
35.81151832460733,141.875,1.2096195
35.81151832460733,146.875,1.1480827
35.81151832460733,151.875,1.1031895
35.81151832460733,156.875,1.1220016
35.81151832460733,161.875,1.1675396
35.81151832460733,166.875,1.1839943
35.81151832460733,171.875,1.1767769
35.81151832460733,176.875,1.1528015
35.81151832460733,181.875,1.0982685
35.81151832460733,186.875,1.0109596
35.81151832460733,191.875,0.9370365
35.81151832460733,196.875,0.8545017
35.81151832460733,201.875,0.8232708
35.81151832460733,206.875,0.84993553
35.81151832460733,211.875,0.945755
35.81151832460733,216.875,1.0891457
35.81151832460733,221.875,1.2223186
35.81151832460733,226.875,1.2940006
35.81151832460733,231.875,1.2684689
35.81151832460733,236.875,1.1708393
35.81151832460733,241.875,1.4285965
35.81151832460733,246.875,1.5745258
35.81151832460733,251.875,1.5722504
35.81151832460733,256.875,1.4920349
35.81151832460733,261.875,1.1029701
35.81151832460733,266.875,1.3512573
35.81151832460733,271.875,1.3554726
35.81151832460733,276.875,1.4596882
35.81151832460733,281.875,1.5500889
35.81151832460733,286.875,1.3999252
35.81151832460733,291.875,1.3723907
35.81151832460733,296.875,1.3709621
35.81151832460733,301.875,1.3614788
35.81151832460733,306.875,1.3257446
35.81151832460733,311.875,1.3076725
35.81151832460733,316.875,1.2861423
35.81151832460733,321.875,1.2100563
35.81151832460733,326.875,1.0622272
35.81151832460733,331.875,0.8797169
35.81151832460733,336.875,0.73280716
35.81151832460733,341.875,0.62963486
35.81151832460733,346.875,0.5737896
35.81151832460733,351.875,0.8854084
35.81151832460733,356.875,1.3164635
39.58115183246073,1.875,1.0129757
39.58115183246073,6.875,0.9854069
39.58115183246073,11.875,1.0225582
39.58115183246073,16.875,1.1085339
39.58115183246073,21.875,1.3170834
39.58115183246073,26.875,1.3601933
39.58115183246073,31.875,1.4574413
39.58115183246073,36.875,1.7165985
39.58115183246073,41.875,2.079731
39.58115183246073,46.875,1.7941074
39.58115183246073,51.875,1.4739532
39.58115183246073,56.875,1.7589417
39.58115183246073,61.875,1.7239628
39.58115183246073,66.875,1.7030773
39.58115183246073,71.875,2.0863667
39.58115183246073,76.875,1.8484936
39.58115183246073,81.875,1.7527504
39.58115183246073,86.875,1.8503304
39.58115183246073,91.875,1.8380032
39.58115183246073,96.875,1.87426
39.58115183246073,101.875,1.7418613
39.58115183246073,106.875,1.6108932
39.58115183246073,111.875,1.4186878
39.58115183246073,116.875,1.454462
39.58115183246073,121.875,1.6022949
39.58115183246073,126.875,1.5055923
39.58115183246073,131.875,1.4676781
39.58115183246073,136.875,1.3480034
39.58115183246073,141.875,1.263876
39.58115183246073,146.875,1.2129707
39.58115183246073,151.875,1.166542
39.58115183246073,156.875,1.1417751
39.58115183246073,161.875,1.122385
39.58115183246073,166.875,1.116806
39.58115183246073,171.875,1.1278553
39.58115183246073,176.875,1.1345062
39.58115183246073,181.875,1.0990028
39.58115183246073,186.875,1.025526
39.58115183246073,191.875,0.9850807
39.58115183246073,196.875,0.9491806
39.58115183246073,201.875,0.919672
39.58115183246073,206.875,0.9395485
39.58115183246073,211.875,1.0122547
39.58115183246073,216.875,1.0927048
39.58115183246073,221.875,1.1905365
39.58115183246073,226.875,1.2505436
39.58115183246073,231.875,1.206274
39.58115183246073,236.875,1.2561569
39.58115183246073,241.875,1.7535629
39.58115183246073,246.875,1.8783607
39.58115183246073,251.875,1.8174934
39.58115183246073,256.875,1.5457687
39.58115183246073,261.875,1.578825
39.58115183246073,266.875,1.8529186
39.58115183246073,271.875,1.9417629
39.58115183246073,276.875,1.703207
39.58115183246073,281.875,1.8083267
39.58115183246073,286.875,1.7234364
39.58115183246073,291.875,1.4660225
39.58115183246073,296.875,1.3799381
39.58115183246073,301.875,1.3422756
39.58115183246073,306.875,1.3077469
39.58115183246073,311.875,1.3245316
39.58115183246073,316.875,1.3232803
39.58115183246073,321.875,1.1665535
39.58115183246073,326.875,0.8681545
39.58115183246073,331.875,0.65997696
39.58115183246073,336.875,0.5626087
39.58115183246073,341.875,0.5270767
39.58115183246073,346.875,0.48908806
39.58115183246073,351.875,1.2141361
39.58115183246073,356.875,1.5122681
43.35078534031413,1.875,1.1673908
43.35078534031413,6.875,1.1359692
43.35078534031413,11.875,1.193615
43.35078534031413,16.875,1.1907177
43.35078534031413,21.875,1.3275166
43.35078534031413,26.875,1.3678665
43.35078534031413,31.875,1.4475422
43.35078534031413,36.875,1.5201454
43.35078534031413,41.875,1.683012
43.35078534031413,46.875,1.6927357
43.35078534031413,51.875,1.7999401
43.35078534031413,56.875,2.082777
43.35078534031413,61.875,2.0749474
43.35078534031413,66.875,1.8853626
43.35078534031413,71.875,1.893816
43.35078534031413,76.875,1.9133396
43.35078534031413,81.875,1.8344612
43.35078534031413,86.875,1.7486572
43.35078534031413,91.875,1.7982998
43.35078534031413,96.875,1.8142624
43.35078534031413,101.875,1.8494759
43.35078534031413,106.875,1.791378
43.35078534031413,111.875,1.6681767
43.35078534031413,116.875,1.5315132
43.35078534031413,121.875,1.7007008
43.35078534031413,126.875,1.6122818
43.35078534031413,131.875,1.5533085
43.35078534031413,136.875,1.4786797
43.35078534031413,141.875,1.4410248
43.35078534031413,146.875,1.4172459
43.35078534031413,151.875,1.340128
43.35078534031413,156.875,1.1970291
43.35078534031413,161.875,1.1187649
43.35078534031413,166.875,1.0882168
43.35078534031413,171.875,1.0710869
43.35078534031413,176.875,1.0522785
43.35078534031413,181.875,1.0159893
43.35078534031413,186.875,0.9819584
43.35078534031413,191.875,0.97693825
43.35078534031413,196.875,0.99620056
43.35078534031413,201.875,1.0083942
43.35078534031413,206.875,1.0466805
43.35078534031413,211.875,1.1229134
43.35078534031413,216.875,1.1941395
43.35078534031413,221.875,1.2427101
43.35078534031413,226.875,1.2659988
43.35078534031413,231.875,1.2071877
43.35078534031413,236.875,1.3752556
43.35078534031413,241.875,1.9365215
43.35078534031413,246.875,1.9790611
43.35078534031413,251.875,1.723177
43.35078534031413,256.875,1.6125202
43.35078534031413,261.875,2.1866093
43.35078534031413,266.875,2.3670807
43.35078534031413,271.875,2.138258
43.35078534031413,276.875,1.9752388
43.35078534031413,281.875,2.0091457
43.35078534031413,286.875,2.0666962
43.35078534031413,291.875,1.7767525
43.35078534031413,296.875,1.4895134
43.35078534031413,301.875,1.0855274
43.35078534031413,306.875,1.0181007
43.35078534031413,311.875,1.316843
43.35078534031413,316.875,1.1729412
43.35078534031413,321.875,0.9174442
43.35078534031413,326.875,0.40965652
43.35078534031413,331.875,-0.016151428
43.35078534031413,336.875,-0.05727768
43.35078534031413,341.875,0.11638069
43.35078534031413,346.875,0.3175068
43.35078534031413,351.875,0.7356148
43.35078534031413,356.875,0.91825676
47.12041884816754,1.875,1.0103073
47.12041884816754,6.875,1.0708866
47.12041884816754,11.875,1.1281643
47.12041884816754,16.875,1.011734
47.12041884816754,21.875,1.17766
47.12041884816754,26.875,1.460701
47.12041884816754,31.875,1.5662384
47.12041884816754,36.875,1.7155323
47.12041884816754,41.875,1.8585663
47.12041884816754,46.875,2.0641594
47.12041884816754,51.875,2.2545242
47.12041884816754,56.875,2.359068
47.12041884816754,61.875,2.3649006
47.12041884816754,66.875,2.2462978
47.12041884816754,71.875,2.1579132
47.12041884816754,76.875,2.1094933
47.12041884816754,81.875,2.073431
47.12041884816754,86.875,1.9159584
47.12041884816754,91.875,1.7135868
47.12041884816754,96.875,1.6477947
47.12041884816754,101.875,1.6589622
47.12041884816754,106.875,1.655199
47.12041884816754,111.875,1.6972313
47.12041884816754,116.875,1.70368
47.12041884816754,121.875,1.754736
47.12041884816754,126.875,1.7580662
47.12041884816754,131.875,1.7334976
47.12041884816754,136.875,1.676218
47.12041884816754,141.875,1.8285027
47.12041884816754,146.875,1.7348576
47.12041884816754,151.875,1.5079079
47.12041884816754,156.875,1.2770119
47.12041884816754,161.875,1.1358948
47.12041884816754,166.875,1.0358391
47.12041884816754,171.875,1.03088
47.12041884816754,176.875,1.0466442
47.12041884816754,181.875,1.0307636
47.12041884816754,186.875,1.0296783
47.12041884816754,191.875,1.0455627
47.12041884816754,196.875,1.066227
47.12041884816754,201.875,1.10038
47.12041884816754,206.875,1.1520386
47.12041884816754,211.875,1.2262573
47.12041884816754,216.875,1.2819347
47.12041884816754,221.875,1.3220901
47.12041884816754,226.875,1.2949295
47.12041884816754,231.875,1.190237
47.12041884816754,236.875,1.3718071
47.12041884816754,241.875,1.815958
47.12041884816754,246.875,1.6280079
47.12041884816754,251.875,1.7159271
47.12041884816754,256.875,1.9872055
47.12041884816754,261.875,2.289135
47.12041884816754,266.875,2.1286564
47.12041884816754,271.875,2.0574398
47.12041884816754,276.875,2.057951
47.12041884816754,281.875,1.9941216
47.12041884816754,286.875,2.0184917
47.12041884816754,291.875,2.0427551
47.12041884816754,296.875,1.7808857
47.12041884816754,301.875,1.2968102
47.12041884816754,306.875,0.9054489
47.12041884816754,311.875,0.6815014
47.12041884816754,316.875,0.6183281
47.12041884816754,321.875,0.3307991
47.12041884816754,326.875,-0.052431107
47.12041884816754,331.875,-0.6065464
47.12041884816754,336.875,-0.8123779
47.12041884816754,341.875,-0.669117
47.12041884816754,346.875,0.0046901703
47.12041884816754,351.875,0.38868904
47.12041884816754,356.875,0.67381096
50.890052356020945,1.875,0.7629032
50.890052356020945,6.875,0.8907051
50.890052356020945,11.875,0.9567776
50.890052356020945,16.875,0.99660873
50.890052356020945,21.875,1.1703815
50.890052356020945,26.875,1.5856876
50.890052356020945,31.875,1.752739
50.890052356020945,36.875,1.8709373
50.890052356020945,41.875,2.1185322
50.890052356020945,46.875,2.3479195
50.890052356020945,51.875,2.4266891
50.890052356020945,56.875,2.368225
50.890052356020945,61.875,2.3276615
50.890052356020945,66.875,2.2632408
50.890052356020945,71.875,2.2242908
50.890052356020945,76.875,2.2897396
50.890052356020945,81.875,2.1615639
50.890052356020945,86.875,1.8061676
50.890052356020945,91.875,1.8445206
50.890052356020945,96.875,1.85635
50.890052356020945,101.875,1.8060513
50.890052356020945,106.875,1.8805485
50.890052356020945,111.875,1.946804
50.890052356020945,116.875,1.9455681
50.890052356020945,121.875,1.858244
50.890052356020945,126.875,1.9030457
50.890052356020945,131.875,1.8056126
50.890052356020945,136.875,1.837328
50.890052356020945,141.875,2.130661
50.890052356020945,146.875,2.0368996
50.890052356020945,151.875,1.6908855
50.890052356020945,156.875,1.4716511
50.890052356020945,161.875,1.282383
50.890052356020945,166.875,1.1695423
50.890052356020945,171.875,1.155611
50.890052356020945,176.875,1.155859
50.890052356020945,181.875,1.1575031
50.890052356020945,186.875,1.1608238
50.890052356020945,191.875,1.2045002
50.890052356020945,196.875,1.2568207
50.890052356020945,201.875,1.2788391
50.890052356020945,206.875,1.285778
50.890052356020945,211.875,1.3034401
50.890052356020945,216.875,1.3248672
50.890052356020945,221.875,1.3280754
50.890052356020945,226.875,1.2560043
50.890052356020945,231.875,1.3051815
50.890052356020945,236.875,1.7214584
50.890052356020945,241.875,1.706253
50.890052356020945,246.875,1.9283123
50.890052356020945,251.875,2.2118893
50.890052356020945,256.875,2.317234
50.890052356020945,261.875,2.2607746
50.890052356020945,266.875,2.0809612
50.890052356020945,271.875,2.193573
50.890052356020945,276.875,2.296486
50.890052356020945,281.875,2.105318
50.890052356020945,286.875,2.1013184
50.890052356020945,291.875,2.1409187
50.890052356020945,296.875,1.9220924
50.890052356020945,301.875,1.4711609
50.890052356020945,306.875,0.39662552
50.890052356020945,311.875,-0.04887581
50.890052356020945,316.875,-0.22555351
50.890052356020945,321.875,-0.40093422
50.890052356020945,326.875,-0.63866997
50.890052356020945,331.875,-0.95539474
50.890052356020945,336.875,-1.1102676
50.890052356020945,341.875,-0.84477615
50.890052356020945,346.875,-0.14327812
50.890052356020945,351.875,0.2878151
50.890052356020945,356.875,0.5762253
54.659685863874344,1.875,0.6325073
54.659685863874344,6.875,0.78504944
54.659685863874344,11.875,1.0392056
54.659685863874344,16.875,1.1852093
54.659685863874344,21.875,1.3258686
54.659685863874344,26.875,1.6068249
54.659685863874344,31.875,1.7487907
54.659685863874344,36.875,1.8750858
54.659685863874344,41.875,2.12224
54.659685863874344,46.875,2.271164
54.659685863874344,51.875,2.4056435
54.659685863874344,56.875,2.2720547
54.659685863874344,61.875,2.1994877
54.659685863874344,66.875,2.2469082
54.659685863874344,71.875,2.2860603
54.659685863874344,76.875,2.3201923
54.659685863874344,81.875,2.2790508
54.659685863874344,86.875,2.0419483
54.659685863874344,91.875,1.9618206
54.659685863874344,96.875,1.8587246
54.659685863874344,101.875,1.8668957
54.659685863874344,106.875,2.0506916
54.659685863874344,111.875,2.0612354
54.659685863874344,116.875,1.9845753
54.659685863874344,121.875,1.9789276
54.659685863874344,126.875,1.9947548
54.659685863874344,131.875,1.9776039
54.659685863874344,136.875,2.0345402
54.659685863874344,141.875,2.083126
54.659685863874344,146.875,2.35499
54.659685863874344,151.875,2.105465
54.659685863874344,156.875,1.8791714
54.659685863874344,161.875,1.6009388
54.659685863874344,166.875,1.3502369
54.659685863874344,171.875,1.3122883
54.659685863874344,176.875,1.3053455
54.659685863874344,181.875,1.3110275
54.659685863874344,186.875,1.3341446
54.659685863874344,191.875,1.4126625
54.659685863874344,196.875,1.5400295
54.659685863874344,201.875,1.5262222
54.659685863874344,206.875,1.4506397
54.659685863874344,211.875,1.3783073
54.659685863874344,216.875,1.3360481
54.659685863874344,221.875,1.277298
54.659685863874344,226.875,1.2713585
54.659685863874344,231.875,1.6018658
54.659685863874344,236.875,1.8334713
54.659685863874344,241.875,1.8672924
54.659685863874344,246.875,2.1146069
54.659685863874344,251.875,2.2060204
54.659685863874344,256.875,2.1975174
54.659685863874344,261.875,2.3072605
54.659685863874344,266.875,2.37813
54.659685863874344,271.875,2.5611496
54.659685863874344,276.875,2.4825382
54.659685863874344,281.875,2.367117
54.659685863874344,286.875,2.425373
54.659685863874344,291.875,2.1746178
54.659685863874344,296.875,2.000103
54.659685863874344,301.875,1.0960293
54.659685863874344,306.875,-0.38682938
54.659685863874344,311.875,-0.76729393
54.659685863874344,316.875,-0.65981483
54.659685863874344,321.875,-0.7577057
54.659685863874344,326.875,-1.1027908
54.659685863874344,331.875,-1.2668724
54.659685863874344,336.875,-1.0871487
54.659685863874344,341.875,-0.6252308
54.659685863874344,346.875,-0.17777061
54.659685863874344,351.875,0.23535919
54.659685863874344,356.875,0.62254524
58.42931937172774,1.875,0.5836544
58.42931937172774,6.875,0.8479881
58.42931937172774,11.875,1.1698723
58.42931937172774,16.875,1.4097996
58.42931937172774,21.875,1.5606976
58.42931937172774,26.875,1.8066368
58.42931937172774,31.875,1.8967648
58.42931937172774,36.875,2.055685
58.42931937172774,41.875,2.2302742
58.42931937172774,46.875,2.3049679
58.42931937172774,51.875,2.3720322
58.42931937172774,56.875,2.3439083
58.42931937172774,61.875,2.2447777
58.42931937172774,66.875,2.2200737
58.42931937172774,71.875,2.1985607
58.42931937172774,76.875,2.1488495
58.42931937172774,81.875,2.16539
58.42931937172774,86.875,2.0714245
58.42931937172774,91.875,1.9229431
58.42931937172774,96.875,1.8690968
58.42931937172774,101.875,1.8995934
58.42931937172774,106.875,1.9564629
58.42931937172774,111.875,1.981617
58.42931937172774,116.875,2.075369
58.42931937172774,121.875,2.0970745
58.42931937172774,126.875,2.1373348
58.42931937172774,131.875,2.21179
58.42931937172774,136.875,2.2857342
58.42931937172774,141.875,2.0929413
58.42931937172774,146.875,2.3133125
58.42931937172774,151.875,2.4289455
58.42931937172774,156.875,2.3107834
58.42931937172774,161.875,2.1386585
58.42931937172774,166.875,1.5945435
58.42931937172774,171.875,1.5427132
58.42931937172774,176.875,1.5651188
58.42931937172774,181.875,1.628643
58.42931937172774,186.875,1.7750149
58.42931937172774,191.875,1.9314041
58.42931937172774,196.875,2.0361176
58.42931937172774,201.875,2.0163612
58.42931937172774,206.875,1.7070904
58.42931937172774,211.875,1.4312954
58.42931937172774,216.875,1.3581505
58.42931937172774,221.875,1.510704
58.42931937172774,226.875,1.71171
58.42931937172774,231.875,1.7874241
58.42931937172774,236.875,2.0111408
58.42931937172774,241.875,2.2246647
58.42931937172774,246.875,2.3201466
58.42931937172774,251.875,2.2774162
58.42931937172774,256.875,2.3868103
58.42931937172774,261.875,2.664297
58.42931937172774,266.875,2.7817593
58.42931937172774,271.875,2.6776447
58.42931937172774,276.875,2.4933147
58.42931937172774,281.875,2.4426956
58.42931937172774,286.875,2.4010906
58.42931937172774,291.875,2.13208
58.42931937172774,296.875,1.6178246
58.42931937172774,301.875,-0.2955284
58.42931937172774,306.875,-0.9888325
58.42931937172774,311.875,-0.6050396
58.42931937172774,316.875,-0.18659592
58.42931937172774,321.875,-0.4764843
58.42931937172774,326.875,-0.630188
58.42931937172774,331.875,-0.5815506
58.42931937172774,336.875,-0.47228432
58.42931937172774,341.875,-0.24033737
58.42931937172774,346.875,0.020721436
58.42931937172774,351.875,0.2246666
58.42931937172774,356.875,0.50595474
62.19895287958115,1.875,0.7888317
62.19895287958115,6.875,0.9089489
62.19895287958115,11.875,1.2213917
62.19895287958115,16.875,1.501728
62.19895287958115,21.875,1.8227806
62.19895287958115,26.875,2.0603695
62.19895287958115,31.875,2.280777
62.19895287958115,36.875,2.445984
62.19895287958115,41.875,2.5527763
62.19895287958115,46.875,2.5863476
62.19895287958115,51.875,2.6108093
62.19895287958115,56.875,2.5979195
62.19895287958115,61.875,2.5099087
62.19895287958115,66.875,2.4576054
62.19895287958115,71.875,2.4917374
62.19895287958115,76.875,2.4052677
62.19895287958115,81.875,2.3627186
62.19895287958115,86.875,2.2428684
62.19895287958115,91.875,2.103239
62.19895287958115,96.875,2.0762253
62.19895287958115,101.875,2.1749916
62.19895287958115,106.875,2.236246
62.19895287958115,111.875,2.2697906
62.19895287958115,116.875,2.2899742
62.19895287958115,121.875,2.3262615
62.19895287958115,126.875,2.41535
62.19895287958115,131.875,2.4556828
62.19895287958115,136.875,2.2265549
62.19895287958115,141.875,2.0992718
62.19895287958115,146.875,2.1381397
62.19895287958115,151.875,2.4677563
62.19895287958115,156.875,2.6186962
62.19895287958115,161.875,2.5974865
62.19895287958115,166.875,2.6152592
62.19895287958115,171.875,2.5210743
62.19895287958115,176.875,2.5424995
62.19895287958115,181.875,2.6328468
62.19895287958115,186.875,2.7276955
62.19895287958115,191.875,2.6021576
62.19895287958115,196.875,2.5772247
62.19895287958115,201.875,2.345312
62.19895287958115,206.875,2.1256886
62.19895287958115,211.875,1.9388161
62.19895287958115,216.875,2.0362034
62.19895287958115,221.875,2.104868
62.19895287958115,226.875,2.0045605
62.19895287958115,231.875,2.0926456
62.19895287958115,236.875,2.3205624
62.19895287958115,241.875,2.5377636
62.19895287958115,246.875,2.6068764
62.19895287958115,251.875,2.6641293
62.19895287958115,256.875,2.9269924
62.19895287958115,261.875,3.0569324
62.19895287958115,266.875,2.953539
62.19895287958115,271.875,2.7898464
62.19895287958115,276.875,2.7156315
62.19895287958115,281.875,2.6410542
62.19895287958115,286.875,2.4710655
62.19895287958115,291.875,2.138712
62.19895287958115,296.875,1.2299519
62.19895287958115,301.875,-0.56762695
62.19895287958115,306.875,-1.0739841
62.19895287958115,311.875,0.35692883
62.19895287958115,316.875,1.3101025
62.19895287958115,321.875,0.5986519
62.19895287958115,326.875,0.061210632
62.19895287958115,331.875,0.088293076
62.19895287958115,336.875,0.19490051
62.19895287958115,341.875,0.34087753
62.19895287958115,346.875,0.48474693
62.19895287958115,351.875,0.6353302
62.19895287958115,356.875,0.7718086
65.96858638743456,1.875,1.4821777
65.96858638743456,6.875,1.1539993
65.96858638743456,11.875,1.1737309
65.96858638743456,16.875,1.4906406
65.96858638743456,21.875,1.8461113
65.96858638743456,26.875,2.156187
65.96858638743456,31.875,2.3881645
65.96858638743456,36.875,2.619093
65.96858638743456,41.875,2.8404236
65.96858638743456,46.875,3.0196
65.96858638743456,51.875,3.1209793
65.96858638743456,56.875,3.1721153
65.96858638743456,61.875,3.1144657
65.96858638743456,66.875,3.0974503
65.96858638743456,71.875,2.9894161
65.96858638743456,76.875,2.86417
65.96858638743456,81.875,2.7156582
65.96858638743456,86.875,2.6642208
65.96858638743456,91.875,2.5323715
65.96858638743456,96.875,2.4583645
65.96858638743456,101.875,2.4512215
65.96858638743456,106.875,2.5097008
65.96858638743456,111.875,2.5066223
65.96858638743456,116.875,2.5060177
65.96858638743456,121.875,2.5290527
65.96858638743456,126.875,2.455305
65.96858638743456,131.875,2.4198399
65.96858638743456,136.875,2.2958279
65.96858638743456,141.875,2.28306
65.96858638743456,146.875,2.328621
65.96858638743456,151.875,2.575552
65.96858638743456,156.875,2.6915874
65.96858638743456,161.875,2.625599
65.96858638743456,166.875,2.6315022
65.96858638743456,171.875,2.8965416
65.96858638743456,176.875,2.9848824
65.96858638743456,181.875,3.182331
65.96858638743456,186.875,3.2261677
65.96858638743456,191.875,3.1097908
65.96858638743456,196.875,2.820877
65.96858638743456,201.875,2.485714
65.96858638743456,206.875,2.364071
65.96858638743456,211.875,2.3042412
65.96858638743456,216.875,2.332346
65.96858638743456,221.875,2.384653
65.96858638743456,226.875,2.475397
65.96858638743456,231.875,2.5599575
65.96858638743456,236.875,2.715145
65.96858638743456,241.875,2.8575478
65.96858638743456,246.875,2.946556
65.96858638743456,251.875,3.1937275
65.96858638743456,256.875,3.2710228
65.96858638743456,261.875,3.2566853
65.96858638743456,266.875,3.1298237
65.96858638743456,271.875,3.0680838
65.96858638743456,276.875,3.0593834
65.96858638743456,281.875,2.9062462
65.96858638743456,286.875,2.671463
65.96858638743456,291.875,2.4443111
65.96858638743456,296.875,1.8574924
65.96858638743456,301.875,0.93803024
65.96858638743456,306.875,0.34737015
65.96858638743456,311.875,1.0166092
65.96858638743456,316.875,1.422123
65.96858638743456,321.875,2.0492554
65.96858638743456,326.875,2.139063
65.96858638743456,331.875,1.7849865
65.96858638743456,336.875,2.2423267
65.96858638743456,341.875,2.6074162
65.96858638743456,346.875,2.4010506
65.96858638743456,351.875,2.0942898
65.96858638743456,356.875,1.8353195
69.73821989528795,1.875,2.3972473
69.73821989528795,6.875,1.8112926
69.73821989528795,11.875,1.4925156
69.73821989528795,16.875,1.5276508
69.73821989528795,21.875,1.7916317
69.73821989528795,26.875,2.0829487
69.73821989528795,31.875,2.4449997
69.73821989528795,36.875,3.1286106
69.73821989528795,41.875,3.6607704
69.73821989528795,46.875,3.7790089
69.73821989528795,51.875,3.7820358
69.73821989528795,56.875,3.744072
69.73821989528795,61.875,3.5540085
69.73821989528795,66.875,3.355219
69.73821989528795,71.875,3.2639122
69.73821989528795,76.875,3.1988182
69.73821989528795,81.875,3.071148
69.73821989528795,86.875,2.7912655
69.73821989528795,91.875,2.550312
69.73821989528795,96.875,2.416006
69.73821989528795,101.875,2.5279312
69.73821989528795,106.875,2.6010952
69.73821989528795,111.875,2.6468105
69.73821989528795,116.875,2.6689014
69.73821989528795,121.875,2.6680698
69.73821989528795,126.875,2.5399895
69.73821989528795,131.875,2.5555935
69.73821989528795,136.875,2.5802498
69.73821989528795,141.875,2.5580788
69.73821989528795,146.875,2.7335224
69.73821989528795,151.875,2.8988495
69.73821989528795,156.875,3.03232
69.73821989528795,161.875,3.099514
69.73821989528795,166.875,3.0488586
69.73821989528795,171.875,3.1856346
69.73821989528795,176.875,3.2529316
69.73821989528795,181.875,3.5146828
69.73821989528795,186.875,3.5585575
69.73821989528795,191.875,3.5578766
69.73821989528795,196.875,3.3459435
69.73821989528795,201.875,3.2041893
69.73821989528795,206.875,3.0608635
69.73821989528795,211.875,2.8748722
69.73821989528795,216.875,2.8158512
69.73821989528795,221.875,2.8830833
69.73821989528795,226.875,2.922409
69.73821989528795,231.875,2.8806705
69.73821989528795,236.875,2.9937801
69.73821989528795,241.875,3.1295815
69.73821989528795,246.875,3.3032227
69.73821989528795,251.875,3.3475437
69.73821989528795,256.875,3.4185772
69.73821989528795,261.875,3.3812695
69.73821989528795,266.875,3.298501
69.73821989528795,271.875,3.2778273
69.73821989528795,276.875,3.0560465
69.73821989528795,281.875,2.8777266
69.73821989528795,286.875,2.6501293
69.73821989528795,291.875,2.3451061
69.73821989528795,296.875,2.0376377
69.73821989528795,301.875,1.5585098
69.73821989528795,306.875,1.2994556
69.73821989528795,311.875,1.4030676
69.73821989528795,316.875,1.6691608
69.73821989528795,321.875,1.7168636
69.73821989528795,326.875,1.7231503
69.73821989528795,331.875,2.104804
69.73821989528795,336.875,3.2983675
69.73821989528795,341.875,4.4255466
69.73821989528795,346.875,4.4509735
69.73821989528795,351.875,3.919693
69.73821989528795,356.875,3.1302395
73.50785340314135,1.875,3.2034225
73.50785340314135,6.875,2.3885994
73.50785340314135,11.875,2.040392
73.50785340314135,16.875,2.1948261
73.50785340314135,21.875,2.5603943
73.50785340314135,26.875,2.9239845
73.50785340314135,31.875,3.4725857
73.50785340314135,36.875,4.252022
73.50785340314135,41.875,4.6454372
73.50785340314135,46.875,4.4774513
73.50785340314135,51.875,4.185011
73.50785340314135,56.875,4.0770054
73.50785340314135,61.875,3.8786392
73.50785340314135,66.875,3.629713
73.50785340314135,71.875,3.3801193
73.50785340314135,76.875,3.2196045
73.50785340314135,81.875,3.2108688
73.50785340314135,86.875,3.1889687
73.50785340314135,91.875,3.0928822
73.50785340314135,96.875,3.038721
73.50785340314135,101.875,3.0068932
73.50785340314135,106.875,2.9602432
73.50785340314135,111.875,2.8257103
73.50785340314135,116.875,2.6480598
73.50785340314135,121.875,2.6144066
73.50785340314135,126.875,2.642397
73.50785340314135,131.875,2.674614
73.50785340314135,136.875,2.8482113
73.50785340314135,141.875,3.10606
73.50785340314135,146.875,3.3381405
73.50785340314135,151.875,3.5246658
73.50785340314135,156.875,3.7084446
73.50785340314135,161.875,3.8351135
73.50785340314135,166.875,3.934042
73.50785340314135,171.875,4.04533
73.50785340314135,176.875,4.1576366
73.50785340314135,181.875,4.2753563
73.50785340314135,186.875,4.294821
73.50785340314135,191.875,4.2684155
73.50785340314135,196.875,4.2086163
73.50785340314135,201.875,4.0916386
73.50785340314135,206.875,3.9511623
73.50785340314135,211.875,3.7925892
73.50785340314135,216.875,3.6568375
73.50785340314135,221.875,3.5123672
73.50785340314135,226.875,3.320633
73.50785340314135,231.875,3.0900364
73.50785340314135,236.875,3.243637
73.50785340314135,241.875,3.4247913
73.50785340314135,246.875,3.560155
73.50785340314135,251.875,3.6274185
73.50785340314135,256.875,3.6372995
73.50785340314135,261.875,3.4535055
73.50785340314135,266.875,3.331664
73.50785340314135,271.875,3.1925354
73.50785340314135,276.875,2.9751282
73.50785340314135,281.875,2.5242224
73.50785340314135,286.875,2.211069
73.50785340314135,291.875,2.0159073
73.50785340314135,296.875,1.7942123
73.50785340314135,301.875,1.5812359
73.50785340314135,306.875,1.6747284
73.50785340314135,311.875,1.8029747
73.50785340314135,316.875,1.8995733
73.50785340314135,321.875,1.9179211
73.50785340314135,326.875,1.8739634
73.50785340314135,331.875,1.898138
73.50785340314135,336.875,2.3624325
73.50785340314135,341.875,3.7501984
73.50785340314135,346.875,4.408634
73.50785340314135,351.875,4.6889076
73.50785340314135,356.875,4.2623634
77.27748691099477,1.875,3.4174576
77.27748691099477,6.875,2.8515644
77.27748691099477,11.875,2.9194698
77.27748691099477,16.875,3.985098
77.27748691099477,21.875,4.3996696
77.27748691099477,26.875,4.5901127
77.27748691099477,31.875,4.6998177
77.27748691099477,36.875,4.794367
77.27748691099477,41.875,4.7962627
77.27748691099477,46.875,4.6787586
77.27748691099477,51.875,4.478035
77.27748691099477,56.875,4.222435
77.27748691099477,61.875,4.0127296
77.27748691099477,66.875,3.8234234
77.27748691099477,71.875,3.6437263
77.27748691099477,76.875,3.4483967
77.27748691099477,81.875,3.274557
77.27748691099477,86.875,3.1420727
77.27748691099477,91.875,3.0756817
77.27748691099477,96.875,3.0672512
77.27748691099477,101.875,3.126234
77.27748691099477,106.875,2.9696808
77.27748691099477,111.875,2.8421001
77.27748691099477,116.875,2.7859268
77.27748691099477,121.875,2.8944035
77.27748691099477,126.875,3.0188522
77.27748691099477,131.875,3.1656437
77.27748691099477,136.875,3.3191185
77.27748691099477,141.875,3.4197483
77.27748691099477,146.875,3.6041622
77.27748691099477,151.875,3.8483868
77.27748691099477,156.875,4.047043
77.27748691099477,161.875,4.1883297
77.27748691099477,166.875,4.2406387
77.27748691099477,171.875,4.2563457
77.27748691099477,176.875,4.2614193
77.27748691099477,181.875,4.273773
77.27748691099477,186.875,4.2713413
77.27748691099477,191.875,4.2704716
77.27748691099477,196.875,4.2458096
77.27748691099477,201.875,4.181797
77.27748691099477,206.875,4.0932198
77.27748691099477,211.875,4.0124607
77.27748691099477,216.875,3.910946
77.27748691099477,221.875,3.7764988
77.27748691099477,226.875,3.6072521
77.27748691099477,231.875,3.4480038
77.27748691099477,236.875,3.316536
77.27748691099477,241.875,3.2846022
77.27748691099477,246.875,3.325015
77.27748691099477,251.875,3.2694674
77.27748691099477,256.875,3.296012
77.27748691099477,261.875,3.1752024
77.27748691099477,266.875,3.209299
77.27748691099477,271.875,3.1317158
77.27748691099477,276.875,2.695096
77.27748691099477,281.875,2.1385813
77.27748691099477,286.875,1.8653307
77.27748691099477,291.875,1.8729172
77.27748691099477,296.875,1.8720856
77.27748691099477,301.875,1.9807615
77.27748691099477,306.875,2.0864716
77.27748691099477,311.875,2.1028948
77.27748691099477,316.875,2.0961075
77.27748691099477,321.875,2.0756674
77.27748691099477,326.875,2.0569658
77.27748691099477,331.875,2.0457525
77.27748691099477,336.875,2.2107458
77.27748691099477,341.875,3.3426323
77.27748691099477,346.875,3.803997
77.27748691099477,351.875,3.822855
77.27748691099477,356.875,3.7717724
81.04712041884817,1.875,3.6214943
81.04712041884817,6.875,3.5979347
81.04712041884817,11.875,3.6935177
81.04712041884817,16.875,3.8511047
81.04712041884817,21.875,3.8947392
81.04712041884817,26.875,3.9734478
81.04712041884817,31.875,3.9775276
81.04712041884817,36.875,3.9707108
81.04712041884817,41.875,3.9416027
81.04712041884817,46.875,3.8566456
81.04712041884817,51.875,3.7921295
81.04712041884817,56.875,3.7684345
81.04712041884817,61.875,3.7413406
81.04712041884817,66.875,3.6555252
81.04712041884817,71.875,3.55723
81.04712041884817,76.875,3.4419823
81.04712041884817,81.875,3.3287868
81.04712041884817,86.875,3.2118359
81.04712041884817,91.875,3.1496906
81.04712041884817,96.875,3.18219
81.04712041884817,101.875,3.0979977
81.04712041884817,106.875,3.0862083
81.04712041884817,111.875,3.0950642
81.04712041884817,116.875,3.1545773
81.04712041884817,121.875,3.2612572
81.04712041884817,126.875,3.3922138
81.04712041884817,131.875,3.5308094
81.04712041884817,136.875,3.660717
81.04712041884817,141.875,3.7713661
81.04712041884817,146.875,3.8492088
81.04712041884817,151.875,3.9081059
81.04712041884817,156.875,3.959053
81.04712041884817,161.875,4.0043545
81.04712041884817,166.875,4.0487404
81.04712041884817,171.875,4.090767
81.04712041884817,176.875,4.1259985
81.04712041884817,181.875,4.133548
81.04712041884817,186.875,4.1116705
81.04712041884817,191.875,4.080825
81.04712041884817,196.875,4.0492277
81.04712041884817,201.875,4.006695
81.04712041884817,206.875,3.9379234
81.04712041884817,211.875,3.8660412
81.04712041884817,216.875,3.7998152
81.04712041884817,221.875,3.7425346
81.04712041884817,226.875,3.688819
81.04712041884817,231.875,3.6296082
81.04712041884817,236.875,3.571807
81.04712041884817,241.875,3.5079374
81.04712041884817,246.875,3.4340515
81.04712041884817,251.875,3.3661976
81.04712041884817,256.875,3.33004
81.04712041884817,261.875,3.2731686
81.04712041884817,266.875,3.1392508
81.04712041884817,271.875,2.9260187
81.04712041884817,276.875,2.6457653
81.04712041884817,281.875,2.4085512
81.04712041884817,286.875,2.1710148
81.04712041884817,291.875,2.382186
81.04712041884817,296.875,2.4067554
81.04712041884817,301.875,2.4380264
81.04712041884817,306.875,2.3776426
81.04712041884817,311.875,2.3957415
81.04712041884817,316.875,2.4046354
81.04712041884817,321.875,2.3559465
81.04712041884817,326.875,2.3989573
81.04712041884817,331.875,2.4953995
81.04712041884817,336.875,2.9354353
81.04712041884817,341.875,3.2518845
81.04712041884817,346.875,3.463046
81.04712041884817,351.875,3.565548
81.04712041884817,356.875,3.624054
84.81675392670157,1.875,3.6725025
84.81675392670157,6.875,3.7077332
84.81675392670157,11.875,3.7336063
84.81675392670157,16.875,3.7474117
84.81675392670157,21.875,3.747055
84.81675392670157,26.875,3.728323
84.81675392670157,31.875,3.7098866
84.81675392670157,36.875,3.6900024
84.81675392670157,41.875,3.666092
84.81675392670157,46.875,3.6359482
84.81675392670157,51.875,3.599493
84.81675392670157,56.875,3.567337
84.81675392670157,61.875,3.5355015
84.81675392670157,66.875,3.5081253
84.81675392670157,71.875,3.477995
84.81675392670157,76.875,3.4490185
84.81675392670157,81.875,3.4347916
84.81675392670157,86.875,3.4260693
84.81675392670157,91.875,3.4176445
84.81675392670157,96.875,3.4141254
84.81675392670157,101.875,3.4224892
84.81675392670157,106.875,3.438469
84.81675392670157,111.875,3.4638577
84.81675392670157,116.875,3.5023975
84.81675392670157,121.875,3.549654
84.81675392670157,126.875,3.6050472
84.81675392670157,131.875,3.6637535
84.81675392670157,136.875,3.7162275
84.81675392670157,141.875,3.7653036
84.81675392670157,146.875,3.8122606
84.81675392670157,151.875,3.8433075
84.81675392670157,156.875,3.8696957
84.81675392670157,161.875,3.899519
84.81675392670157,166.875,3.9247828
84.81675392670157,171.875,3.9456053
84.81675392670157,176.875,3.9564228
84.81675392670157,181.875,3.9604597
84.81675392670157,186.875,3.9601479
84.81675392670157,191.875,3.953536
84.81675392670157,196.875,3.937562
84.81675392670157,201.875,3.9108076
84.81675392670157,206.875,3.8723392
84.81675392670157,211.875,3.8341637
84.81675392670157,216.875,3.8028393
84.81675392670157,221.875,3.7762308
84.81675392670157,226.875,3.7590704
84.81675392670157,231.875,3.734395
84.81675392670157,236.875,3.7040129
84.81675392670157,241.875,3.667982
84.81675392670157,246.875,3.6399574
84.81675392670157,251.875,3.6045895
84.81675392670157,256.875,3.5802507
84.81675392670157,261.875,3.5578747
84.81675392670157,266.875,3.5288048
84.81675392670157,271.875,3.487958
84.81675392670157,276.875,3.437704
84.81675392670157,281.875,3.3950205
84.81675392670157,286.875,3.3643713
84.81675392670157,291.875,3.316679
84.81675392670157,296.875,3.2540264
84.81675392670157,301.875,3.2390232
84.81675392670157,306.875,3.231845
84.81675392670157,311.875,3.2487717
84.81675392670157,316.875,3.2319584
84.81675392670157,321.875,3.2554836
84.81675392670157,326.875,3.2672243
84.81675392670157,331.875,3.2794275
84.81675392670157,336.875,3.4252424
84.81675392670157,341.875,3.456996
84.81675392670157,346.875,3.505415
84.81675392670157,351.875,3.5657377
84.81675392670157,356.875,3.626299
88.58638743455498,1.875,3.6618185
88.58638743455498,6.875,3.6671686
88.58638743455498,11.875,3.6729708
88.58638743455498,16.875,3.6766024
88.58638743455498,21.875,3.6786041
88.58638743455498,26.875,3.6803637
88.58638743455498,31.875,3.681816
88.58638743455498,36.875,3.6819477
88.58638743455498,41.875,3.6807184
88.58638743455498,46.875,3.678214
88.58638743455498,51.875,3.6789322
88.58638743455498,56.875,3.6756296
88.58638743455498,61.875,3.674285
88.58638743455498,66.875,3.6733274
88.58638743455498,71.875,3.6739817
88.58638743455498,76.875,3.6753626
88.58638743455498,81.875,3.6738243
88.58638743455498,86.875,3.673544
88.58638743455498,91.875,3.6753235
88.58638743455498,96.875,3.6774683
88.58638743455498,101.875,3.6813965
88.58638743455498,106.875,3.6872644
88.58638743455498,111.875,3.6951742
88.58638743455498,116.875,3.7030478
88.58638743455498,121.875,3.7100897
88.58638743455498,126.875,3.7161264
88.58638743455498,131.875,3.7226467
88.58638743455498,136.875,3.7292128
88.58638743455498,141.875,3.7371511
88.58638743455498,146.875,3.7437134
88.58638743455498,151.875,3.7488194
88.58638743455498,156.875,3.7528296
88.58638743455498,161.875,3.7552872
88.58638743455498,166.875,3.7562761
88.58638743455498,171.875,3.7563877
88.58638743455498,176.875,3.75531
88.58638743455498,181.875,3.7530212
88.58638743455498,186.875,3.7499237
88.58638743455498,191.875,3.747488
88.58638743455498,196.875,3.7435026
88.58638743455498,201.875,3.7349195
88.58638743455498,206.875,3.7258654
88.58638743455498,211.875,3.7177248
88.58638743455498,216.875,3.7106028
88.58638743455498,221.875,3.7058926
88.58638743455498,226.875,3.7012148
88.58638743455498,231.875,3.6987257
88.58638743455498,236.875,3.6723242
88.58638743455498,241.875,3.6659594
88.58638743455498,246.875,3.6649961
88.58638743455498,251.875,3.652955
88.58638743455498,256.875,3.6480808
88.58638743455498,261.875,3.6418009
88.58638743455498,266.875,3.635643
88.58638743455498,271.875,3.6308517
88.58638743455498,276.875,3.62819
88.58638743455498,281.875,3.6276789
88.58638743455498,286.875,3.6269255
88.58638743455498,291.875,3.6276712
88.58638743455498,296.875,3.6284933
88.58638743455498,301.875,3.626772
88.58638743455498,306.875,3.6233797
88.58638743455498,311.875,3.6211023
88.58638743455498,316.875,3.621253
88.58638743455498,321.875,3.6245995
88.58638743455498,326.875,3.6265087
88.58638743455498,331.875,3.6285858
88.58638743455498,336.875,3.630312
88.58638743455498,341.875,3.633914
88.58638743455498,346.875,3.6389399
88.58638743455498,351.875,3.646078
88.58638743455498,356.875,3.6555262
